Sl.no,Date,state,vehicle_category,electric_vehicles_sold,total_vehicles_sold
1,01-04-2021,Sikkim,2-Wheelers,0,398
2,01-04-2021,Sikkim,4-Wheelers,0,361
3,01-05-2021,Sikkim,2-Wheelers,0,113
4,01-05-2021,Sikkim,4-Wheelers,0,98
5,01-06-2021,Sikkim,2-Wheelers,0,229
6,01-06-2021,Sikkim,4-Wheelers,0,244
7,01-07-2021,Sikkim,2-Wheelers,0,458
8,01-07-2021,Sikkim,4-Wheelers,0,452
9,01-08-2021,Sikkim,2-Wheelers,0,489
10,01-08-2021,Sikkim,4-Wheelers,0,408
11,01-09-2021,Sikkim,2-Wheelers,0,540
12,01-09-2021,Sikkim,4-Wheelers,0,355
13,01-10-2021,Sikkim,2-Wheelers,0,455
14,01-10-2021,Sikkim,4-Wheelers,0,345
15,01-11-2021,Sikkim,2-Wheelers,0,478
16,01-11-2021,Sikkim,4-Wheelers,0,351
17,01-12-2021,Sikkim,2-Wheelers,0,454
18,01-12-2021,Sikkim,4-Wheelers,0,394
19,01-01-2022,Sikkim,2-Wheelers,0,400
20,01-01-2022,Sikkim,4-Wheelers,0,270
21,01-02-2022,Sikkim,2-Wheelers,0,384
22,01-02-2022,Sikkim,4-Wheelers,0,371
23,01-03-2022,Sikkim,2-Wheelers,0,460
24,01-03-2022,Sikkim,4-Wheelers,0,390
25,01-04-2022,Sikkim,2-Wheelers,0,455
26,01-04-2022,Sikkim,4-Wheelers,0,380
27,01-05-2022,Sikkim,2-Wheelers,0,461
28,01-05-2022,Sikkim,4-Wheelers,0,421
29,01-06-2022,Sikkim,2-Wheelers,0,429
30,01-06-2022,Sikkim,4-Wheelers,0,446
31,01-07-2022,Sikkim,2-Wheelers,0,409
32,01-07-2022,Sikkim,4-Wheelers,0,439
33,01-08-2022,Sikkim,2-Wheelers,0,394
34,01-08-2022,Sikkim,4-Wheelers,0,421
35,01-09-2022,Sikkim,2-Wheelers,0,443
36,01-09-2022,Sikkim,4-Wheelers,0,581
37,01-10-2022,Sikkim,2-Wheelers,0,371
38,01-10-2022,Sikkim,4-Wheelers,0,340
39,01-11-2022,Sikkim,2-Wheelers,0,431
40,01-11-2022,Sikkim,4-Wheelers,0,411
41,01-12-2022,Sikkim,2-Wheelers,0,274
42,01-12-2022,Sikkim,4-Wheelers,0,288
43,01-01-2023,Sikkim,2-Wheelers,0,470
44,01-01-2023,Sikkim,4-Wheelers,0,420
45,01-02-2023,Sikkim,2-Wheelers,0,324
46,01-02-2023,Sikkim,4-Wheelers,0,364
47,01-03-2023,Sikkim,2-Wheelers,0,454
48,01-03-2023,Sikkim,4-Wheelers,0,505
49,01-04-2023,Sikkim,2-Wheelers,0,465
50,01-04-2023,Sikkim,4-Wheelers,0,439
51,01-05-2023,Sikkim,2-Wheelers,0,507
52,01-05-2023,Sikkim,4-Wheelers,0,448
53,01-06-2023,Sikkim,2-Wheelers,0,517
54,01-06-2023,Sikkim,4-Wheelers,0,457
55,01-07-2023,Sikkim,2-Wheelers,0,423
56,01-07-2023,Sikkim,4-Wheelers,0,371
57,01-08-2023,Sikkim,2-Wheelers,0,465
58,01-08-2023,Sikkim,4-Wheelers,0,460
59,01-09-2023,Sikkim,2-Wheelers,0,546
60,01-09-2023,Sikkim,4-Wheelers,0,509
61,01-10-2023,Sikkim,2-Wheelers,0,398
62,01-10-2023,Sikkim,4-Wheelers,0,389
63,01-11-2023,Sikkim,2-Wheelers,0,470
64,01-11-2023,Sikkim,4-Wheelers,0,403
65,01-12-2023,Sikkim,2-Wheelers,0,365
66,01-12-2023,Sikkim,4-Wheelers,0,318
67,01-01-2024,Sikkim,2-Wheelers,0,509
68,01-01-2024,Sikkim,4-Wheelers,0,422
69,01-02-2024,Sikkim,2-Wheelers,0,408
70,01-02-2024,Sikkim,4-Wheelers,0,375
71,01-03-2024,Sikkim,2-Wheelers,0,399
72,01-03-2024,Sikkim,4-Wheelers,0,455
73,01-04-2021,Andaman & Nicobar Island,2-Wheelers,0,515
74,01-04-2021,Arunachal Pradesh,2-Wheelers,0,1256
75,01-04-2021,Arunachal Pradesh,4-Wheelers,0,724
76,01-04-2021,Assam,4-Wheelers,0,6576
77,01-04-2021,Chhattisgarh,4-Wheelers,0,1563
78,01-04-2021,DNH and DD,4-Wheelers,0,278
79,01-04-2021,Jammu and Kashmir,4-Wheelers,0,5107
80,01-04-2021,Ladakh,2-Wheelers,0,2
81,01-04-2021,Ladakh,4-Wheelers,0,20
82,01-04-2021,Manipur,4-Wheelers,0,808
83,01-04-2021,Meghalaya,2-Wheelers,0,1189
84,01-04-2021,Mizoram,2-Wheelers,0,1507
85,01-04-2021,Mizoram,4-Wheelers,0,281
86,01-04-2021,Nagaland,2-Wheelers,0,561
87,01-04-2021,Nagaland,4-Wheelers,0,747
88,01-04-2021,Puducherry,4-Wheelers,0,655
89,01-04-2021,Tripura,2-Wheelers,0,2906
90,01-04-2021,Tripura,4-Wheelers,0,289
91,01-05-2021,Andaman & Nicobar Island,2-Wheelers,0,4
92,01-05-2021,Andaman & Nicobar Island,4-Wheelers,0,1
93,01-05-2021,Arunachal Pradesh,2-Wheelers,0,552
94,01-05-2021,Arunachal Pradesh,4-Wheelers,0,302
95,01-05-2021,Assam,2-Wheelers,0,14723
96,01-05-2021,Assam,4-Wheelers,0,3295
97,01-05-2021,Bihar,4-Wheelers,0,2249
98,01-05-2021,Chandigarh,2-Wheelers,0,411
99,01-05-2021,Chhattisgarh,4-Wheelers,0,1387
100,01-05-2021,DNH and DD,2-Wheelers,0,452
101,01-05-2021,DNH and DD,4-Wheelers,0,202
102,01-05-2021,Delhi,2-Wheelers,0,22
103,01-05-2021,Delhi,4-Wheelers,0,21
104,01-05-2021,Jammu and Kashmir,4-Wheelers,0,2372
105,01-05-2021,Ladakh,2-Wheelers,0,11
106,01-05-2021,Ladakh,4-Wheelers,0,70
107,01-05-2021,Madhya Pradesh,4-Wheelers,0,195
108,01-05-2021,Manipur,2-Wheelers,0,288
109,01-05-2021,Manipur,4-Wheelers,0,9
110,01-05-2021,Meghalaya,2-Wheelers,0,332
111,01-05-2021,Mizoram,2-Wheelers,0,15
112,01-05-2021,Mizoram,4-Wheelers,0,4
113,01-05-2021,Nagaland,2-Wheelers,0,125
114,01-05-2021,Nagaland,4-Wheelers,0,126
115,01-05-2021,Odisha,4-Wheelers,0,722
116,01-05-2021,Punjab,4-Wheelers,0,5202
117,01-05-2021,Tripura,2-Wheelers,0,2063
118,01-05-2021,Tripura,4-Wheelers,0,192
119,01-05-2021,Uttarakhand,4-Wheelers,0,1145
120,01-06-2021,Andaman & Nicobar Island,2-Wheelers,0,2
121,01-06-2021,Arunachal Pradesh,2-Wheelers,0,727
122,01-06-2021,Arunachal Pradesh,4-Wheelers,0,565
123,01-06-2021,Ladakh,2-Wheelers,0,3
124,01-06-2021,Ladakh,4-Wheelers,0,112
125,01-06-2021,Manipur,2-Wheelers,0,89
126,01-06-2021,Manipur,4-Wheelers,0,18
127,01-06-2021,Meghalaya,2-Wheelers,0,354
128,01-06-2021,Meghalaya,4-Wheelers,0,246
129,01-06-2021,Mizoram,2-Wheelers,0,648
130,01-06-2021,Mizoram,4-Wheelers,0,298
131,01-06-2021,Nagaland,2-Wheelers,0,42
132,01-06-2021,Nagaland,4-Wheelers,0,54
133,01-06-2021,Puducherry,4-Wheelers,0,445
134,01-06-2021,Tripura,4-Wheelers,0,185
135,01-07-2021,Andaman & Nicobar Island,2-Wheelers,0,467
136,01-07-2021,Arunachal Pradesh,2-Wheelers,0,994
137,01-07-2021,Arunachal Pradesh,4-Wheelers,0,661
138,01-07-2021,Assam,4-Wheelers,0,4988
139,01-07-2021,DNH and DD,4-Wheelers,0,276
140,01-07-2021,Ladakh,2-Wheelers,0,51
141,01-07-2021,Ladakh,4-Wheelers,0,552
142,01-07-2021,Manipur,2-Wheelers,0,474
143,01-07-2021,Manipur,4-Wheelers,0,68
144,01-07-2021,Meghalaya,2-Wheelers,0,726
145,01-07-2021,Mizoram,2-Wheelers,0,1096
146,01-07-2021,Mizoram,4-Wheelers,0,219
147,01-07-2021,Nagaland,2-Wheelers,0,583
148,01-07-2021,Nagaland,4-Wheelers,0,1039
149,01-07-2021,Puducherry,4-Wheelers,0,866
150,01-07-2021,Tripura,2-Wheelers,0,2211
151,01-07-2021,Tripura,4-Wheelers,0,352
152,01-08-2021,Andaman & Nicobar Island,2-Wheelers,0,406
153,01-08-2021,Arunachal Pradesh,2-Wheelers,0,1126
154,01-08-2021,Arunachal Pradesh,4-Wheelers,0,758
155,01-08-2021,DNH and DD,4-Wheelers,0,321
156,01-08-2021,Himachal Pradesh,4-Wheelers,0,3641
157,01-08-2021,Jammu and Kashmir,4-Wheelers,0,5430
158,01-08-2021,Ladakh,2-Wheelers,0,30
159,01-08-2021,Ladakh,4-Wheelers,0,459
160,01-08-2021,Manipur,2-Wheelers,0,1016
161,01-08-2021,Manipur,4-Wheelers,0,561
162,01-08-2021,Meghalaya,2-Wheelers,0,1041
163,01-08-2021,Meghalaya,4-Wheelers,0,826
164,01-08-2021,Mizoram,2-Wheelers,0,1057
165,01-08-2021,Mizoram,4-Wheelers,0,240
166,01-08-2021,Nagaland,2-Wheelers,0,577
167,01-08-2021,Nagaland,4-Wheelers,0,763
168,01-08-2021,Tripura,2-Wheelers,0,2462
169,01-08-2021,Tripura,4-Wheelers,0,462
170,01-09-2021,Andaman & Nicobar Island,2-Wheelers,0,329
171,01-09-2021,Andaman & Nicobar Island,4-Wheelers,0,87
172,01-09-2021,Arunachal Pradesh,2-Wheelers,0,1260
173,01-09-2021,Arunachal Pradesh,4-Wheelers,0,637
174,01-09-2021,Assam,4-Wheelers,0,6036
175,01-09-2021,DNH and DD,4-Wheelers,0,348
176,01-09-2021,Ladakh,2-Wheelers,0,26
177,01-09-2021,Ladakh,4-Wheelers,0,444
178,01-09-2021,Manipur,2-Wheelers,0,3492
179,01-09-2021,Manipur,4-Wheelers,0,1202
180,01-09-2021,Meghalaya,2-Wheelers,0,1396
181,01-09-2021,Meghalaya,4-Wheelers,0,905
182,01-09-2021,Mizoram,2-Wheelers,0,1465
183,01-09-2021,Mizoram,4-Wheelers,0,264
184,01-09-2021,Nagaland,4-Wheelers,0,681
185,01-09-2021,Tripura,2-Wheelers,0,2736
186,01-09-2021,Tripura,4-Wheelers,0,403
187,01-10-2021,Andaman & Nicobar Island,2-Wheelers,0,360
188,01-10-2021,Arunachal Pradesh,2-Wheelers,0,1109
189,01-10-2021,Arunachal Pradesh,4-Wheelers,0,570
190,01-10-2021,Assam,4-Wheelers,0,5877
191,01-10-2021,Ladakh,4-Wheelers,0,289
192,01-10-2021,Manipur,4-Wheelers,0,916
193,01-10-2021,Meghalaya,2-Wheelers,0,1414
194,01-10-2021,Meghalaya,4-Wheelers,0,722
195,01-10-2021,Mizoram,2-Wheelers,0,1886
196,01-10-2021,Mizoram,4-Wheelers,0,283
197,01-10-2021,Nagaland,2-Wheelers,0,650
198,01-10-2021,Nagaland,4-Wheelers,0,567
199,01-10-2021,Puducherry,4-Wheelers,0,609
200,01-10-2021,Tripura,2-Wheelers,0,3015
201,01-10-2021,Tripura,4-Wheelers,0,366
202,01-11-2021,Andaman & Nicobar Island,2-Wheelers,0,413
203,01-11-2021,Andaman & Nicobar Island,4-Wheelers,0,125
204,01-11-2021,Arunachal Pradesh,2-Wheelers,0,1262
205,01-11-2021,Arunachal Pradesh,4-Wheelers,0,646
206,01-11-2021,Assam,4-Wheelers,0,5618
207,01-11-2021,DNH and DD,4-Wheelers,0,330
208,01-11-2021,Himachal Pradesh,4-Wheelers,0,4496
209,01-11-2021,Jammu and Kashmir,4-Wheelers,0,4709
210,01-11-2021,Ladakh,2-Wheelers,0,28
211,01-11-2021,Ladakh,4-Wheelers,0,287
212,01-11-2021,Manipur,4-Wheelers,0,875
213,01-11-2021,Meghalaya,2-Wheelers,0,1442
214,01-11-2021,Meghalaya,4-Wheelers,0,806
215,01-11-2021,Mizoram,2-Wheelers,0,1820
216,01-11-2021,Mizoram,4-Wheelers,0,328
217,01-11-2021,Nagaland,2-Wheelers,0,592
218,01-11-2021,Nagaland,4-Wheelers,0,692
219,01-11-2021,Tripura,2-Wheelers,0,3843
220,01-11-2021,Tripura,4-Wheelers,0,326
221,01-12-2021,Andaman & Nicobar Island,2-Wheelers,0,376
222,01-12-2021,Arunachal Pradesh,2-Wheelers,0,1036
223,01-12-2021,Arunachal Pradesh,4-Wheelers,0,709
224,01-12-2021,Jammu and Kashmir,4-Wheelers,0,5306
225,01-12-2021,Ladakh,2-Wheelers,0,15
226,01-12-2021,Ladakh,4-Wheelers,0,167
227,01-12-2021,Manipur,4-Wheelers,0,849
228,01-12-2021,Meghalaya,2-Wheelers,0,1101
229,01-12-2021,Meghalaya,4-Wheelers,0,888
230,01-12-2021,Mizoram,2-Wheelers,0,1740
231,01-12-2021,Mizoram,4-Wheelers,0,376
232,01-12-2021,Nagaland,2-Wheelers,0,353
233,01-12-2021,Nagaland,4-Wheelers,0,540
234,01-12-2021,Tripura,4-Wheelers,0,352
235,01-01-2022,Andaman & Nicobar Island,2-Wheelers,0,336
236,01-01-2022,Andaman & Nicobar Island,4-Wheelers,0,90
237,01-01-2022,Arunachal Pradesh,2-Wheelers,0,950
238,01-01-2022,Arunachal Pradesh,4-Wheelers,0,766
239,01-01-2022,Assam,4-Wheelers,0,5550
240,01-01-2022,DNH and DD,4-Wheelers,0,358
241,01-01-2022,Jammu and Kashmir,4-Wheelers,0,3963
242,01-01-2022,Ladakh,4-Wheelers,0,150
243,01-01-2022,Manipur,4-Wheelers,0,687
244,01-01-2022,Meghalaya,2-Wheelers,0,1112
245,01-01-2022,Meghalaya,4-Wheelers,0,1063
246,01-01-2022,Mizoram,2-Wheelers,0,1387
247,01-01-2022,Mizoram,4-Wheelers,0,311
248,01-01-2022,Nagaland,2-Wheelers,0,410
249,01-01-2022,Nagaland,4-Wheelers,0,722
250,01-01-2022,Puducherry,4-Wheelers,0,758
251,01-01-2022,Tripura,4-Wheelers,0,394
252,01-02-2022,Andaman & Nicobar Island,2-Wheelers,0,388
253,01-02-2022,Andaman & Nicobar Island,4-Wheelers,0,112
254,01-02-2022,Arunachal Pradesh,2-Wheelers,0,858
255,01-02-2022,Arunachal Pradesh,4-Wheelers,0,671
256,01-02-2022,Ladakh,2-Wheelers,0,15
257,01-02-2022,Ladakh,4-Wheelers,0,44
258,01-02-2022,Manipur,4-Wheelers,0,834
259,01-02-2022,Meghalaya,2-Wheelers,0,1145
260,01-02-2022,Mizoram,2-Wheelers,0,1599
261,01-02-2022,Mizoram,4-Wheelers,0,354
262,01-02-2022,Nagaland,2-Wheelers,0,504
263,01-02-2022,Nagaland,4-Wheelers,0,773
264,01-02-2022,Puducherry,4-Wheelers,0,622
265,01-02-2022,Tripura,4-Wheelers,0,340
266,01-03-2022,Andaman & Nicobar Island,2-Wheelers,0,383
267,01-03-2022,Arunachal Pradesh,2-Wheelers,0,1111
268,01-03-2022,Arunachal Pradesh,4-Wheelers,0,679
269,01-03-2022,Ladakh,2-Wheelers,0,49
270,01-03-2022,Ladakh,4-Wheelers,0,49
271,01-03-2022,Manipur,4-Wheelers,0,717
272,01-03-2022,Meghalaya,2-Wheelers,0,1687
273,01-03-2022,Meghalaya,4-Wheelers,0,1104
274,01-03-2022,Mizoram,2-Wheelers,0,1848
275,01-03-2022,Mizoram,4-Wheelers,0,413
276,01-03-2022,Nagaland,2-Wheelers,0,541
277,01-03-2022,Nagaland,4-Wheelers,0,632
278,01-03-2022,Tripura,4-Wheelers,0,484
279,01-04-2022,Andaman & Nicobar Island,2-Wheelers,0,407
280,01-04-2022,Arunachal Pradesh,2-Wheelers,0,1063
281,01-04-2022,Arunachal Pradesh,4-Wheelers,0,824
282,01-04-2022,Ladakh,2-Wheelers,0,351
283,01-04-2022,Ladakh,4-Wheelers,0,105
284,01-04-2022,Mizoram,2-Wheelers,0,1530
285,01-04-2022,Mizoram,4-Wheelers,0,323
286,01-04-2022,Nagaland,4-Wheelers,0,723
287,01-04-2022,Tripura,4-Wheelers,0,448
288,01-05-2022,Andaman & Nicobar Island,2-Wheelers,0,358
289,01-05-2022,Andaman & Nicobar Island,4-Wheelers,0,110
290,01-05-2022,Arunachal Pradesh,2-Wheelers,0,1241
291,01-05-2022,Arunachal Pradesh,4-Wheelers,0,965
292,01-05-2022,Ladakh,2-Wheelers,0,419
293,01-05-2022,Ladakh,4-Wheelers,0,322
294,01-05-2022,Manipur,4-Wheelers,0,644
295,01-05-2022,Meghalaya,2-Wheelers,0,1780
296,01-05-2022,Mizoram,4-Wheelers,0,397
297,01-05-2022,Nagaland,4-Wheelers,0,630
298,01-05-2022,Tripura,4-Wheelers,0,359
299,01-06-2022,Andaman & Nicobar Island,2-Wheelers,0,423
300,01-06-2022,Andaman & Nicobar Island,4-Wheelers,0,115
301,01-06-2022,Arunachal Pradesh,2-Wheelers,0,1253
302,01-06-2022,Arunachal Pradesh,4-Wheelers,0,1021
303,01-06-2022,Ladakh,4-Wheelers,0,310
304,01-06-2022,Manipur,4-Wheelers,0,1029
305,01-06-2022,Mizoram,4-Wheelers,0,373
306,01-06-2022,Nagaland,2-Wheelers,0,594
307,01-06-2022,Nagaland,4-Wheelers,0,735
308,01-06-2022,Tripura,4-Wheelers,0,354
309,01-07-2022,Andaman & Nicobar Island,2-Wheelers,0,385
310,01-07-2022,Andaman & Nicobar Island,4-Wheelers,0,127
311,01-07-2022,Arunachal Pradesh,2-Wheelers,0,1181
312,01-07-2022,DNH and DD,4-Wheelers,0,344
313,01-07-2022,Ladakh,2-Wheelers,0,314
314,01-07-2022,Manipur,4-Wheelers,0,775
315,01-07-2022,Mizoram,4-Wheelers,0,319
316,01-07-2022,Nagaland,2-Wheelers,0,505
317,01-07-2022,Nagaland,4-Wheelers,0,591
318,01-07-2022,Tripura,4-Wheelers,0,402
319,01-08-2022,Andaman & Nicobar Island,2-Wheelers,0,398
320,01-08-2022,Andaman & Nicobar Island,4-Wheelers,0,154
321,01-08-2022,Arunachal Pradesh,2-Wheelers,0,1244
322,01-08-2022,Arunachal Pradesh,4-Wheelers,0,866
323,01-08-2022,Ladakh,2-Wheelers,0,222
324,01-08-2022,Manipur,4-Wheelers,0,623
325,01-08-2022,Meghalaya,4-Wheelers,0,1120
326,01-08-2022,Mizoram,4-Wheelers,0,408
327,01-08-2022,Nagaland,2-Wheelers,0,554
328,01-08-2022,Nagaland,4-Wheelers,0,844
329,01-08-2022,Tripura,4-Wheelers,0,403
330,01-09-2022,Andaman & Nicobar Island,2-Wheelers,0,484
331,01-09-2022,Andaman & Nicobar Island,4-Wheelers,0,128
332,01-09-2022,Arunachal Pradesh,2-Wheelers,0,1068
333,01-09-2022,Arunachal Pradesh,4-Wheelers,0,931
334,01-09-2022,Ladakh,2-Wheelers,0,30
335,01-09-2022,Ladakh,4-Wheelers,0,189
336,01-09-2022,Manipur,4-Wheelers,0,820
337,01-09-2022,Mizoram,4-Wheelers,0,379
338,01-09-2022,Nagaland,2-Wheelers,0,589
339,01-09-2022,Nagaland,4-Wheelers,0,780
340,01-09-2022,Tripura,4-Wheelers,0,465
341,01-10-2022,Andaman & Nicobar Island,2-Wheelers,0,409
342,01-10-2022,Andaman & Nicobar Island,4-Wheelers,0,144
343,01-10-2022,Arunachal Pradesh,2-Wheelers,0,850
344,01-10-2022,Arunachal Pradesh,4-Wheelers,0,741
345,01-10-2022,Ladakh,2-Wheelers,0,27
346,01-10-2022,Ladakh,4-Wheelers,0,264
347,01-10-2022,Manipur,4-Wheelers,0,596
348,01-10-2022,Mizoram,4-Wheelers,0,362
349,01-10-2022,Nagaland,2-Wheelers,0,374
350,01-10-2022,Nagaland,4-Wheelers,0,690
351,01-10-2022,Tripura,4-Wheelers,0,416
352,01-11-2022,Arunachal Pradesh,2-Wheelers,0,1251
353,01-11-2022,Arunachal Pradesh,4-Wheelers,0,971
354,01-11-2022,Jammu and Kashmir,4-Wheelers,0,4102
355,01-11-2022,Ladakh,2-Wheelers,0,23
356,01-11-2022,Ladakh,4-Wheelers,0,244
357,01-11-2022,Manipur,4-Wheelers,0,1569
358,01-11-2022,Meghalaya,4-Wheelers,0,1158
359,01-11-2022,Mizoram,4-Wheelers,0,378
360,01-11-2022,Nagaland,2-Wheelers,0,447
361,01-11-2022,Nagaland,4-Wheelers,0,724
362,01-11-2022,Punjab,4-Wheelers,0,8875
363,01-11-2022,Tripura,4-Wheelers,0,410
364,01-12-2022,Arunachal Pradesh,4-Wheelers,0,865
365,01-12-2022,Ladakh,2-Wheelers,0,16
366,01-12-2022,Ladakh,4-Wheelers,0,144
367,01-12-2022,Manipur,4-Wheelers,0,1478
368,01-12-2022,Meghalaya,4-Wheelers,0,1150
369,01-12-2022,Mizoram,4-Wheelers,0,445
370,01-12-2022,Nagaland,2-Wheelers,0,369
371,01-12-2022,Nagaland,4-Wheelers,0,490
372,01-12-2022,Tripura,4-Wheelers,0,385
373,01-01-2023,Andaman & Nicobar Island,2-Wheelers,0,373
374,01-01-2023,Andaman & Nicobar Island,4-Wheelers,0,153
375,01-01-2023,Arunachal Pradesh,2-Wheelers,0,718
376,01-01-2023,Arunachal Pradesh,4-Wheelers,0,966
377,01-01-2023,Ladakh,4-Wheelers,0,92
378,01-01-2023,Mizoram,4-Wheelers,0,476
379,01-01-2023,Nagaland,2-Wheelers,0,432
380,01-01-2023,Nagaland,4-Wheelers,0,545
381,01-01-2023,Punjab,4-Wheelers,0,11608
382,01-01-2023,Tripura,4-Wheelers,0,399
383,01-02-2023,Andaman & Nicobar Island,2-Wheelers,0,346
384,01-02-2023,Andaman & Nicobar Island,4-Wheelers,0,148
385,01-02-2023,Arunachal Pradesh,2-Wheelers,0,816
386,01-02-2023,Arunachal Pradesh,4-Wheelers,0,840
387,01-02-2023,Ladakh,2-Wheelers,0,5
388,01-02-2023,Ladakh,4-Wheelers,0,49
389,01-02-2023,Meghalaya,4-Wheelers,0,1002
390,01-02-2023,Mizoram,4-Wheelers,0,337
391,01-02-2023,Nagaland,2-Wheelers,0,375
392,01-02-2023,Nagaland,4-Wheelers,0,806
393,01-02-2023,Tripura,4-Wheelers,0,328
394,01-03-2023,Arunachal Pradesh,2-Wheelers,0,1131
395,01-03-2023,Arunachal Pradesh,4-Wheelers,0,1048
396,01-03-2023,Ladakh,2-Wheelers,0,30
397,01-03-2023,Ladakh,4-Wheelers,0,59
398,01-03-2023,Manipur,4-Wheelers,0,320
399,01-03-2023,Meghalaya,4-Wheelers,0,1369
400,01-03-2023,Mizoram,4-Wheelers,0,433
401,01-03-2023,Nagaland,2-Wheelers,0,693
402,01-03-2023,Nagaland,4-Wheelers,0,820
403,01-04-2023,Andaman & Nicobar Island,2-Wheelers,0,325
404,01-04-2023,Arunachal Pradesh,2-Wheelers,0,971
405,01-04-2023,Ladakh,2-Wheelers,0,43
406,01-04-2023,Ladakh,4-Wheelers,0,219
407,01-04-2023,Manipur,4-Wheelers,0,942
408,01-04-2023,Mizoram,4-Wheelers,0,336
409,01-04-2023,Nagaland,2-Wheelers,0,560
410,01-05-2023,Andaman & Nicobar Island,2-Wheelers,0,436
411,01-05-2023,Andaman & Nicobar Island,4-Wheelers,0,150
412,01-05-2023,Arunachal Pradesh,4-Wheelers,0,1132
413,01-05-2023,Ladakh,4-Wheelers,0,364
414,01-05-2023,Mizoram,4-Wheelers,0,382
415,01-05-2023,Nagaland,2-Wheelers,0,610
416,01-05-2023,Nagaland,4-Wheelers,0,796
417,01-06-2023,Andaman & Nicobar Island,2-Wheelers,0,373
418,01-06-2023,Arunachal Pradesh,2-Wheelers,0,1141
419,01-06-2023,Arunachal Pradesh,4-Wheelers,0,1089
420,01-06-2023,Ladakh,4-Wheelers,0,304
421,01-06-2023,Manipur,4-Wheelers,0,220
422,01-06-2023,Mizoram,4-Wheelers,0,383
423,01-06-2023,Nagaland,2-Wheelers,0,650
424,01-06-2023,Nagaland,4-Wheelers,0,620
425,01-07-2023,Andaman & Nicobar Island,2-Wheelers,0,424
426,01-07-2023,Arunachal Pradesh,2-Wheelers,0,1315
427,01-07-2023,Ladakh,4-Wheelers,0,301
428,01-07-2023,Mizoram,4-Wheelers,0,439
429,01-08-2023,Andaman & Nicobar Island,2-Wheelers,0,477
430,01-08-2023,Arunachal Pradesh,2-Wheelers,0,1292
431,01-08-2023,Ladakh,2-Wheelers,0,63
432,01-08-2023,Ladakh,4-Wheelers,0,278
433,01-08-2023,Mizoram,4-Wheelers,0,410
434,01-08-2023,Nagaland,2-Wheelers,0,592
435,01-08-2023,Nagaland,4-Wheelers,0,760
436,01-09-2023,Andaman & Nicobar Island,2-Wheelers,0,379
437,01-09-2023,Arunachal Pradesh,2-Wheelers,0,1274
438,01-09-2023,Ladakh,2-Wheelers,0,40
439,01-09-2023,Ladakh,4-Wheelers,0,211
440,01-09-2023,Manipur,2-Wheelers,0,426
441,01-09-2023,Manipur,4-Wheelers,0,239
442,01-09-2023,Mizoram,4-Wheelers,0,415
443,01-09-2023,Nagaland,4-Wheelers,0,654
444,01-10-2023,Arunachal Pradesh,2-Wheelers,0,1281
445,01-10-2023,Ladakh,2-Wheelers,0,33
446,01-10-2023,Ladakh,4-Wheelers,0,187
447,01-10-2023,Mizoram,4-Wheelers,0,453
448,01-10-2023,Nagaland,2-Wheelers,0,471
449,01-10-2023,Nagaland,4-Wheelers,0,743
450,01-11-2023,Arunachal Pradesh,2-Wheelers,0,1458
451,01-11-2023,Ladakh,2-Wheelers,0,39
452,01-11-2023,Ladakh,4-Wheelers,0,166
453,01-11-2023,Mizoram,4-Wheelers,0,531
454,01-12-2023,Ladakh,2-Wheelers,0,7
455,01-12-2023,Ladakh,4-Wheelers,0,144
456,01-12-2023,Mizoram,4-Wheelers,0,568
457,01-12-2023,Nagaland,2-Wheelers,0,421
458,01-12-2023,Nagaland,4-Wheelers,0,562
459,01-01-2024,Arunachal Pradesh,2-Wheelers,0,995
460,01-01-2024,Nagaland,2-Wheelers,0,505
461,01-01-2024,Ladakh,4-Wheelers,0,141
462,01-01-2024,Andaman & Nicobar,4-Wheelers,0,177
463,01-01-2024,Nagaland,4-Wheelers,0,877
464,01-02-2024,Arunachal Pradesh,2-Wheelers,0,1117
465,01-02-2024,Nagaland,2-Wheelers,0,763
466,01-02-2024,Ladakh,2-Wheelers,0,4
467,01-02-2024,Mizoram,4-Wheelers,0,494
468,01-02-2024,Ladakh,4-Wheelers,0,47
469,01-03-2024,Arunachal Pradesh,2-Wheelers,0,1259
470,01-03-2024,Ladakh,2-Wheelers,0,11
471,01-03-2024,Mizoram,4-Wheelers,0,463
472,01-03-2024,Nagaland,4-Wheelers,0,1336
473,01-03-2024,Ladakh,4-Wheelers,0,81
474,01-04-2021,DNH and DD,2-Wheelers,1,657
475,01-04-2021,Himachal Pradesh,4-Wheelers,1,3544
476,01-04-2021,Meghalaya,4-Wheelers,1,930
477,01-05-2021,Chandigarh,4-Wheelers,1,413
478,01-05-2021,Haryana,4-Wheelers,1,4373
479,01-05-2021,Himachal Pradesh,4-Wheelers,1,1503
480,01-05-2021,Jharkhand,4-Wheelers,1,2290
481,01-05-2021,Madhya Pradesh,2-Wheelers,1,6302
482,01-05-2021,Meghalaya,4-Wheelers,1,88
483,01-06-2021,Assam,4-Wheelers,1,3842
484,01-06-2021,DNH and DD,4-Wheelers,1,234
485,01-06-2021,Himachal Pradesh,4-Wheelers,1,3193
486,01-06-2021,Jammu and Kashmir,4-Wheelers,1,4469
487,01-06-2021,Tripura,2-Wheelers,1,1523
488,01-07-2021,Jammu and Kashmir,4-Wheelers,1,5336
489,01-07-2021,Meghalaya,4-Wheelers,1,759
490,01-08-2021,Andaman & Nicobar Island,4-Wheelers,1,110
491,01-08-2021,Puducherry,4-Wheelers,1,837
492,01-09-2021,DNH and DD,2-Wheelers,1,666
493,01-09-2021,Himachal Pradesh,4-Wheelers,1,3379
494,01-09-2021,Jammu and Kashmir,4-Wheelers,1,3773
495,01-09-2021,Nagaland,2-Wheelers,1,578
496,01-10-2021,Andaman & Nicobar Island,4-Wheelers,1,70
497,01-10-2021,DNH and DD,2-Wheelers,1,628
498,01-10-2021,DNH and DD,4-Wheelers,1,333
499,01-10-2021,Himachal Pradesh,4-Wheelers,1,3201
500,01-11-2021,DNH and DD,2-Wheelers,1,938
501,01-11-2021,Puducherry,4-Wheelers,1,532
502,01-12-2021,Andaman & Nicobar Island,4-Wheelers,1,122
503,01-12-2021,DNH and DD,4-Wheelers,1,336
504,01-12-2021,Himachal Pradesh,4-Wheelers,1,4105
505,01-12-2021,Tripura,2-Wheelers,1,3579
506,01-02-2022,DNH and DD,4-Wheelers,1,354
507,01-02-2022,Meghalaya,4-Wheelers,1,917
508,01-03-2022,DNH and DD,4-Wheelers,1,355
509,01-04-2022,Andaman & Nicobar Island,4-Wheelers,1,147
510,01-04-2022,DNH and DD,4-Wheelers,1,431
511,01-04-2022,Manipur,2-Wheelers,1,1246
512,01-04-2022,Manipur,4-Wheelers,1,813
513,01-04-2022,Meghalaya,4-Wheelers,1,860
514,01-05-2022,DNH and DD,4-Wheelers,1,374
515,01-05-2022,Mizoram,2-Wheelers,1,1638
516,01-05-2022,Nagaland,2-Wheelers,1,514
517,01-06-2022,DNH and DD,2-Wheelers,1,767
518,01-06-2022,Meghalaya,4-Wheelers,1,1087
519,01-07-2022,Arunachal Pradesh,4-Wheelers,1,947
520,01-07-2022,Ladakh,4-Wheelers,1,285
521,01-07-2022,Mizoram,2-Wheelers,1,1427
522,01-08-2022,DNH and DD,4-Wheelers,1,303
523,01-09-2022,DNH and DD,4-Wheelers,1,390
524,01-09-2022,Manipur,2-Wheelers,1,2473
525,01-09-2022,Meghalaya,2-Wheelers,1,1719
526,01-10-2022,Meghalaya,4-Wheelers,1,1188
527,01-11-2022,Andaman & Nicobar Island,4-Wheelers,1,159
528,01-12-2022,Arunachal Pradesh,2-Wheelers,1,925
529,01-12-2022,Meghalaya,2-Wheelers,1,1180
530,01-12-2022,Punjab,4-Wheelers,1,13085
531,01-01-2023,DNH and DD,4-Wheelers,1,360
532,01-01-2023,Ladakh,2-Wheelers,1,20
533,01-01-2023,Meghalaya,4-Wheelers,1,1271
534,01-03-2023,Andaman & Nicobar Island,2-Wheelers,1,373
535,01-03-2023,Andaman & Nicobar Island,4-Wheelers,1,162
536,01-03-2023,Meghalaya,2-Wheelers,1,1907
537,01-04-2023,Andaman & Nicobar Island,4-Wheelers,1,122
538,01-04-2023,Arunachal Pradesh,4-Wheelers,1,892
539,01-04-2023,DNH and DD,4-Wheelers,1,407
540,01-04-2023,Nagaland,4-Wheelers,1,687
541,01-04-2023,Tripura,4-Wheelers,1,299
542,01-05-2023,Arunachal Pradesh,2-Wheelers,1,1193
543,01-06-2023,Andaman & Nicobar Island,4-Wheelers,1,136
544,01-06-2023,DNH and DD,4-Wheelers,1,370
545,01-06-2023,Meghalaya,2-Wheelers,1,1969
546,01-07-2023,Ladakh,2-Wheelers,1,117
547,01-07-2023,Nagaland,2-Wheelers,1,599
548,01-07-2023,Nagaland,4-Wheelers,1,739
549,01-08-2023,DNH and DD,4-Wheelers,1,357
550,01-09-2023,Andaman & Nicobar Island,4-Wheelers,1,148
551,01-09-2023,Nagaland,2-Wheelers,1,531
552,01-10-2023,Andaman & Nicobar Island,2-Wheelers,1,404
553,01-10-2023,Andaman & Nicobar Island,4-Wheelers,1,191
554,01-10-2023,Meghalaya,2-Wheelers,1,1776
555,01-10-2023,Meghalaya,4-Wheelers,1,1354
556,01-11-2023,Andaman & Nicobar Island,4-Wheelers,1,170
557,01-11-2023,Nagaland,2-Wheelers,1,634
558,01-11-2023,Nagaland,4-Wheelers,1,860
559,01-12-2023,Meghalaya,2-Wheelers,1,1518
560,01-12-2023,Meghalaya,4-Wheelers,1,1060
561,01-01-2024,Mizoram,4-Wheelers,1,513
562,01-01-2024,Meghalaya,4-Wheelers,1,1429
563,01-02-2024,Andaman & Nicobar Island,4-Wheelers,1,181
564,01-02-2024,Nagaland,4-Wheelers,1,822
565,01-03-2024,Andaman & Nicobar Island,4-Wheelers,1,158
566,01-03-2024,Arunachal Pradesh,4-Wheelers,1,1081
567,01-04-2021,Andaman & Nicobar Island,4-Wheelers,9,168
568,01-04-2021,Andhra Pradesh,4-Wheelers,26,7837
569,01-04-2021,Bihar,4-Wheelers,4,5731
570,01-04-2021,Chandigarh,4-Wheelers,2,1426
571,01-04-2021,Delhi,4-Wheelers,61,8076
572,01-04-2021,Goa,4-Wheelers,8,1442
573,01-04-2021,Gujarat,4-Wheelers,44,17386
574,01-04-2021,Haryana,4-Wheelers,3,15476
575,01-04-2021,Jharkhand,4-Wheelers,3,3425
576,01-04-2021,Karnataka,4-Wheelers,90,16864
577,01-04-2021,Kerala,4-Wheelers,132,23660
578,01-04-2021,Madhya Pradesh,4-Wheelers,2,5356
579,01-04-2021,Maharashtra,4-Wheelers,96,16829
580,01-04-2021,Odisha,4-Wheelers,5,5101
581,01-04-2021,Punjab,4-Wheelers,4,8955
582,01-04-2021,Rajasthan,4-Wheelers,22,10647
583,01-04-2021,Tamil Nadu,4-Wheelers,75,18826
584,01-04-2021,Uttar Pradesh,4-Wheelers,4,23056
585,01-04-2021,Uttarakhand,4-Wheelers,10,2728
586,01-04-2021,West Bengal,4-Wheelers,24,7640
587,01-05-2021,Andhra Pradesh,4-Wheelers,16,5831
588,01-05-2021,Goa,4-Wheelers,4,393
589,01-05-2021,Gujarat,4-Wheelers,29,15959
590,01-05-2021,Karnataka,4-Wheelers,2,646
591,01-05-2021,Kerala,4-Wheelers,48,5164
592,01-05-2021,Maharashtra,4-Wheelers,121,13528
593,01-05-2021,Puducherry,4-Wheelers,2,119
594,01-05-2021,Rajasthan,4-Wheelers,7,2756
595,01-05-2021,Tamil Nadu,4-Wheelers,14,3413
596,01-05-2021,Uttar Pradesh,4-Wheelers,3,14016
597,01-05-2021,West Bengal,4-Wheelers,6,3962
598,01-06-2021,Andhra Pradesh,4-Wheelers,39,6098
599,01-06-2021,Bihar,4-Wheelers,4,5692
600,01-06-2021,Chandigarh,4-Wheelers,12,2050
601,01-06-2021,Chhattisgarh,4-Wheelers,5,4526
602,01-06-2021,Delhi,4-Wheelers,148,12914
603,01-06-2021,Goa,4-Wheelers,14,749
604,01-06-2021,Gujarat,4-Wheelers,61,19359
605,01-06-2021,Haryana,4-Wheelers,4,13420
606,01-06-2021,Jharkhand,4-Wheelers,4,4405
607,01-06-2021,Karnataka,4-Wheelers,71,8030
608,01-06-2021,Kerala,4-Wheelers,140,10018
609,01-06-2021,Madhya Pradesh,4-Wheelers,13,12092
610,01-06-2021,Maharashtra,4-Wheelers,190,24817
611,01-06-2021,Odisha,4-Wheelers,2,3041
612,01-06-2021,Punjab,4-Wheelers,3,7126
613,01-06-2021,Rajasthan,4-Wheelers,34,12070
614,01-06-2021,Tamil Nadu,4-Wheelers,42,7793
615,01-06-2021,Uttar Pradesh,4-Wheelers,3,25704
616,01-06-2021,Uttarakhand,4-Wheelers,7,2972
617,01-06-2021,West Bengal,4-Wheelers,18,6316
618,01-07-2021,Andaman & Nicobar Island,4-Wheelers,8,176
619,01-07-2021,Andhra Pradesh,4-Wheelers,36,7877
620,01-07-2021,Bihar,4-Wheelers,5,5438
621,01-07-2021,Chandigarh,4-Wheelers,9,1916
622,01-07-2021,Chhattisgarh,4-Wheelers,12,4916
623,01-07-2021,Delhi,4-Wheelers,131,15033
624,01-07-2021,Goa,4-Wheelers,10,982
625,01-07-2021,Gujarat,4-Wheelers,53,23792
626,01-07-2021,Haryana,4-Wheelers,6,14524
627,01-07-2021,Himachal Pradesh,4-Wheelers,2,3811
628,01-07-2021,Jharkhand,4-Wheelers,4,5020
629,01-07-2021,Karnataka,4-Wheelers,196,21640
630,01-07-2021,Kerala,4-Wheelers,139,18406
631,01-07-2021,Madhya Pradesh,4-Wheelers,17,14581
632,01-07-2021,Maharashtra,4-Wheelers,286,38063
633,01-07-2021,Odisha,4-Wheelers,3,5552
634,01-07-2021,Punjab,4-Wheelers,3,9328
635,01-07-2021,Rajasthan,4-Wheelers,52,14374
636,01-07-2021,Tamil Nadu,4-Wheelers,88,20857
637,01-07-2021,Uttar Pradesh,4-Wheelers,8,27999
638,01-07-2021,Uttarakhand,4-Wheelers,11,4182
639,01-07-2021,West Bengal,4-Wheelers,37,8919
640,01-08-2021,Andhra Pradesh,4-Wheelers,78,8245
641,01-08-2021,Assam,4-Wheelers,2,6447
642,01-08-2021,Bihar,4-Wheelers,7,5724
643,01-08-2021,Chandigarh,4-Wheelers,9,1845
644,01-08-2021,Chhattisgarh,4-Wheelers,11,4350
645,01-08-2021,Delhi,4-Wheelers,157,13177
646,01-08-2021,Goa,4-Wheelers,19,1439
647,01-08-2021,Gujarat,4-Wheelers,83,20394
648,01-08-2021,Haryana,4-Wheelers,3,16027
649,01-08-2021,Jharkhand,4-Wheelers,3,5113
650,01-08-2021,Karnataka,4-Wheelers,137,21975
651,01-08-2021,Kerala,4-Wheelers,183,22813
652,01-08-2021,Madhya Pradesh,4-Wheelers,26,12758
653,01-08-2021,Maharashtra,4-Wheelers,197,35127
654,01-08-2021,Odisha,4-Wheelers,4,5453
655,01-08-2021,Punjab,4-Wheelers,4,9209
656,01-08-2021,Rajasthan,4-Wheelers,53,11454
657,01-08-2021,Tamil Nadu,4-Wheelers,88,20865
658,01-08-2021,Uttar Pradesh,4-Wheelers,3,24012
659,01-08-2021,Uttarakhand,4-Wheelers,6,3760
660,01-08-2021,West Bengal,4-Wheelers,28,9198
661,01-09-2021,Andhra Pradesh,4-Wheelers,39,7952
662,01-09-2021,Bihar,4-Wheelers,4,4339
663,01-09-2021,Chandigarh,4-Wheelers,20,1607
664,01-09-2021,Chhattisgarh,4-Wheelers,12,3650
665,01-09-2021,Delhi,4-Wheelers,265,9181
666,01-09-2021,Goa,4-Wheelers,34,1277
667,01-09-2021,Gujarat,4-Wheelers,131,24797
668,01-09-2021,Haryana,4-Wheelers,7,14879
669,01-09-2021,Jharkhand,4-Wheelers,12,3892
670,01-09-2021,Karnataka,4-Wheelers,227,21407
671,01-09-2021,Kerala,4-Wheelers,164,22063
672,01-09-2021,Madhya Pradesh,4-Wheelers,23,11756
673,01-09-2021,Maharashtra,4-Wheelers,148,27900
674,01-09-2021,Odisha,4-Wheelers,2,4865
675,01-09-2021,Puducherry,4-Wheelers,2,640
676,01-09-2021,Punjab,4-Wheelers,3,7521
677,01-09-2021,Rajasthan,4-Wheelers,69,11035
678,01-09-2021,Tamil Nadu,4-Wheelers,107,18823
679,01-09-2021,Uttar Pradesh,4-Wheelers,4,23510
680,01-09-2021,Uttarakhand,4-Wheelers,10,3171
681,01-09-2021,West Bengal,4-Wheelers,34,9437
682,01-10-2021,Andhra Pradesh,4-Wheelers,37,7366
683,01-10-2021,Bihar,4-Wheelers,7,5838
684,01-10-2021,Chandigarh,4-Wheelers,12,1816
685,01-10-2021,Chhattisgarh,4-Wheelers,11,5255
686,01-10-2021,Delhi,4-Wheelers,253,12876
687,01-10-2021,Goa,4-Wheelers,28,1165
688,01-10-2021,Gujarat,4-Wheelers,104,23184
689,01-10-2021,Haryana,4-Wheelers,8,11634
690,01-10-2021,Jammu and Kashmir,4-Wheelers,2,4205
691,01-10-2021,Jharkhand,4-Wheelers,5,4806
692,01-10-2021,Karnataka,4-Wheelers,163,18505
693,01-10-2021,Kerala,4-Wheelers,158,14562
694,01-10-2021,Madhya Pradesh,4-Wheelers,20,9554
695,01-10-2021,Maharashtra,4-Wheelers,298,33771
696,01-10-2021,Odisha,4-Wheelers,2,5830
697,01-10-2021,Punjab,4-Wheelers,5,8523
698,01-10-2021,Rajasthan,4-Wheelers,86,12823
699,01-10-2021,Tamil Nadu,4-Wheelers,119,14796
700,01-10-2021,Uttar Pradesh,4-Wheelers,10,23095
701,01-10-2021,Uttarakhand,4-Wheelers,13,3523
702,01-10-2021,West Bengal,4-Wheelers,33,7120
703,01-11-2021,Andhra Pradesh,4-Wheelers,34,7374
704,01-11-2021,Bihar,4-Wheelers,11,6992
705,01-11-2021,Chandigarh,4-Wheelers,16,1919
706,01-11-2021,Chhattisgarh,4-Wheelers,14,4824
707,01-11-2021,Delhi,4-Wheelers,185,11782
708,01-11-2021,Goa,4-Wheelers,20,1293
709,01-11-2021,Gujarat,4-Wheelers,121,22396
710,01-11-2021,Haryana,4-Wheelers,13,16035
711,01-11-2021,Jharkhand,4-Wheelers,8,5320
712,01-11-2021,Karnataka,4-Wheelers,153,17247
713,01-11-2021,Kerala,4-Wheelers,214,15244
714,01-11-2021,Madhya Pradesh,4-Wheelers,31,12871
715,01-11-2021,Maharashtra,4-Wheelers,515,28322
716,01-11-2021,Odisha,4-Wheelers,18,5095
717,01-11-2021,Punjab,4-Wheelers,3,9015
718,01-11-2021,Rajasthan,4-Wheelers,79,16115
719,01-11-2021,Tamil Nadu,4-Wheelers,108,15533
720,01-11-2021,Uttar Pradesh,4-Wheelers,10,29608
721,01-11-2021,Uttarakhand,4-Wheelers,12,3954
722,01-11-2021,West Bengal,4-Wheelers,59,8836
723,01-12-2021,Andhra Pradesh,4-Wheelers,31,6314
724,01-12-2021,Assam,4-Wheelers,3,6737
725,01-12-2021,Bihar,4-Wheelers,7,5031
726,01-12-2021,Chandigarh,4-Wheelers,12,1985
727,01-12-2021,Chhattisgarh,4-Wheelers,5,3651
728,01-12-2021,Delhi,4-Wheelers,277,12633
729,01-12-2021,Goa,4-Wheelers,19,1306
730,01-12-2021,Gujarat,4-Wheelers,163,24277
731,01-12-2021,Haryana,4-Wheelers,11,16015
732,01-12-2021,Jharkhand,4-Wheelers,3,4258
733,01-12-2021,Karnataka,4-Wheelers,153,16243
734,01-12-2021,Kerala,4-Wheelers,186,16994
735,01-12-2021,Madhya Pradesh,4-Wheelers,30,11820
736,01-12-2021,Maharashtra,4-Wheelers,1392,29346
737,01-12-2021,Odisha,4-Wheelers,20,4634
738,01-12-2021,Puducherry,4-Wheelers,2,608
739,01-12-2021,Punjab,4-Wheelers,6,10624
740,01-12-2021,Rajasthan,4-Wheelers,73,12739
741,01-12-2021,Tamil Nadu,4-Wheelers,121,17001
742,01-12-2021,Uttar Pradesh,4-Wheelers,21,33774
743,01-12-2021,Uttarakhand,4-Wheelers,38,4270
744,01-12-2021,West Bengal,4-Wheelers,39,8452
745,01-01-2022,Andhra Pradesh,4-Wheelers,29,8418
746,01-01-2022,Bihar,4-Wheelers,10,5538
747,01-01-2022,Chandigarh,4-Wheelers,7,1519
748,01-01-2022,Chhattisgarh,4-Wheelers,11,4667
749,01-01-2022,Delhi,4-Wheelers,282,13659
750,01-01-2022,Goa,4-Wheelers,26,1185
751,01-01-2022,Gujarat,4-Wheelers,97,21963
752,01-01-2022,Haryana,4-Wheelers,26,17633
753,01-01-2022,Himachal Pradesh,4-Wheelers,3,3090
754,01-01-2022,Jharkhand,4-Wheelers,5,4345
755,01-01-2022,Karnataka,4-Wheelers,209,21967
756,01-01-2022,Kerala,4-Wheelers,212,17441
757,01-01-2022,Madhya Pradesh,4-Wheelers,25,11325
758,01-01-2022,Maharashtra,4-Wheelers,263,35772
759,01-01-2022,Odisha,4-Wheelers,27,5876
760,01-01-2022,Punjab,4-Wheelers,7,9792
761,01-01-2022,Rajasthan,4-Wheelers,92,13658
762,01-01-2022,Tamil Nadu,4-Wheelers,121,20494
763,01-01-2022,Uttar Pradesh,4-Wheelers,14,32561
764,01-01-2022,Uttarakhand,4-Wheelers,30,4241
765,01-01-2022,West Bengal,4-Wheelers,54,7968
766,01-02-2022,Andhra Pradesh,4-Wheelers,43,6361
767,01-02-2022,Assam,4-Wheelers,3,6152
768,01-02-2022,Bihar,4-Wheelers,8,5658
769,01-02-2022,Chandigarh,4-Wheelers,11,1941
770,01-02-2022,Chhattisgarh,4-Wheelers,20,3922
771,01-02-2022,Delhi,4-Wheelers,298,12608
772,01-02-2022,Goa,4-Wheelers,62,1160
773,01-02-2022,Gujarat,4-Wheelers,128,24012
774,01-02-2022,Haryana,4-Wheelers,28,16353
775,01-02-2022,Himachal Pradesh,4-Wheelers,5,3616
776,01-02-2022,Jammu and Kashmir,4-Wheelers,7,4679
777,01-02-2022,Jharkhand,4-Wheelers,4,4335
778,01-02-2022,Karnataka,4-Wheelers,202,17561
779,01-02-2022,Kerala,4-Wheelers,327,14575
780,01-02-2022,Madhya Pradesh,4-Wheelers,22,11274
781,01-02-2022,Maharashtra,4-Wheelers,905,31805
782,01-02-2022,Odisha,4-Wheelers,27,5023
783,01-02-2022,Punjab,4-Wheelers,5,9464
784,01-02-2022,Rajasthan,4-Wheelers,116,14811
785,01-02-2022,Tamil Nadu,4-Wheelers,135,16711
786,01-02-2022,Uttar Pradesh,4-Wheelers,22,28479
787,01-02-2022,Uttarakhand,4-Wheelers,24,3820
788,01-02-2022,West Bengal,4-Wheelers,45,7395
789,01-03-2022,Andaman & Nicobar Island,4-Wheelers,2,108
790,01-03-2022,Andhra Pradesh,4-Wheelers,55,7288
791,01-03-2022,Assam,4-Wheelers,2,7281
792,01-03-2022,Bihar,4-Wheelers,12,6694
793,01-03-2022,Chandigarh,4-Wheelers,14,2279
794,01-03-2022,Chhattisgarh,4-Wheelers,19,4200
795,01-03-2022,Delhi,4-Wheelers,220,13385
796,01-03-2022,Goa,4-Wheelers,91,1474
797,01-03-2022,Gujarat,4-Wheelers,249,26077
798,01-03-2022,Haryana,4-Wheelers,13,18621
799,01-03-2022,Himachal Pradesh,4-Wheelers,3,3371
800,01-03-2022,Jammu and Kashmir,4-Wheelers,4,4854
801,01-03-2022,Jharkhand,4-Wheelers,5,5062
802,01-03-2022,Karnataka,4-Wheelers,230,22167
803,01-03-2022,Kerala,4-Wheelers,331,16628
804,01-03-2022,Madhya Pradesh,4-Wheelers,35,11616
805,01-03-2022,Maharashtra,4-Wheelers,2060,39762
806,01-03-2022,Odisha,4-Wheelers,31,6098
807,01-03-2022,Puducherry,4-Wheelers,3,817
808,01-03-2022,Punjab,4-Wheelers,4,10836
809,01-03-2022,Rajasthan,4-Wheelers,89,13751
810,01-03-2022,Tamil Nadu,4-Wheelers,168,20604
811,01-03-2022,Uttar Pradesh,4-Wheelers,18,29324
812,01-03-2022,Uttarakhand,4-Wheelers,20,4026
813,01-03-2022,West Bengal,4-Wheelers,41,8539
814,01-04-2022,Andhra Pradesh,4-Wheelers,54,7195
815,01-04-2022,Assam,4-Wheelers,2,6354
816,01-04-2022,Bihar,4-Wheelers,8,5981
817,01-04-2022,Chandigarh,4-Wheelers,12,2167
818,01-04-2022,Chhattisgarh,4-Wheelers,20,4861
819,01-04-2022,Delhi,4-Wheelers,566,15811
820,01-04-2022,Goa,4-Wheelers,31,1390
821,01-04-2022,Gujarat,4-Wheelers,171,26534
822,01-04-2022,Haryana,4-Wheelers,11,16721
823,01-04-2022,Himachal Pradesh,4-Wheelers,4,3140
824,01-04-2022,Jammu and Kashmir,4-Wheelers,3,4468
825,01-04-2022,Jharkhand,4-Wheelers,9,4564
826,01-04-2022,Karnataka,4-Wheelers,311,24129
827,01-04-2022,Kerala,4-Wheelers,275,16142
828,01-04-2022,Madhya Pradesh,4-Wheelers,37,11896
829,01-04-2022,Maharashtra,4-Wheelers,354,32449
830,01-04-2022,Odisha,4-Wheelers,31,5448
831,01-04-2022,Puducherry,4-Wheelers,2,702
832,01-04-2022,Punjab,4-Wheelers,3,10147
833,01-04-2022,Rajasthan,4-Wheelers,87,15176
834,01-04-2022,Tamil Nadu,4-Wheelers,154,17499
835,01-04-2022,Uttar Pradesh,4-Wheelers,11,32173
836,01-04-2022,Uttarakhand,4-Wheelers,49,4116
837,01-04-2022,West Bengal,4-Wheelers,40,8560
838,01-05-2022,Andhra Pradesh,4-Wheelers,59,6927
839,01-05-2022,Assam,4-Wheelers,7,6761
840,01-05-2022,Bihar,4-Wheelers,12,6495
841,01-05-2022,Chandigarh,4-Wheelers,20,2248
842,01-05-2022,Chhattisgarh,4-Wheelers,24,4397
843,01-05-2022,Delhi,4-Wheelers,750,15194
844,01-05-2022,Goa,4-Wheelers,51,1360
845,01-05-2022,Gujarat,4-Wheelers,163,23174
846,01-05-2022,Haryana,4-Wheelers,31,18343
847,01-05-2022,Himachal Pradesh,4-Wheelers,3,3778
848,01-05-2022,Jammu and Kashmir,4-Wheelers,2,4775
849,01-05-2022,Jharkhand,4-Wheelers,3,4306
850,01-05-2022,Karnataka,4-Wheelers,241,20924
851,01-05-2022,Kerala,4-Wheelers,258,15706
852,01-05-2022,Madhya Pradesh,4-Wheelers,43,14017
853,01-05-2022,Maharashtra,4-Wheelers,794,34222
854,01-05-2022,Meghalaya,4-Wheelers,3,1051
855,01-05-2022,Odisha,4-Wheelers,40,5583
856,01-05-2022,Puducherry,4-Wheelers,2,726
857,01-05-2022,Punjab,4-Wheelers,2,9843
858,01-05-2022,Rajasthan,4-Wheelers,124,17047
859,01-05-2022,Tamil Nadu,4-Wheelers,202,19368
860,01-05-2022,Uttar Pradesh,4-Wheelers,26,30695
861,01-05-2022,Uttarakhand,4-Wheelers,22,3948
862,01-05-2022,West Bengal,4-Wheelers,76,8341
863,01-06-2022,Andhra Pradesh,4-Wheelers,47,6652
864,01-06-2022,Assam,4-Wheelers,9,5825
865,01-06-2022,Bihar,4-Wheelers,16,5543
866,01-06-2022,Chandigarh,4-Wheelers,19,1993
867,01-06-2022,Chhattisgarh,4-Wheelers,32,3933
868,01-06-2022,DNH and DD,4-Wheelers,4,369
869,01-06-2022,Delhi,4-Wheelers,267,14908
870,01-06-2022,Goa,4-Wheelers,74,1342
871,01-06-2022,Gujarat,4-Wheelers,337,26192
872,01-06-2022,Haryana,4-Wheelers,26,17365
873,01-06-2022,Himachal Pradesh,4-Wheelers,2,3457
874,01-06-2022,Jammu and Kashmir,4-Wheelers,4,4239
875,01-06-2022,Jharkhand,4-Wheelers,19,4097
876,01-06-2022,Karnataka,4-Wheelers,359,22817
877,01-06-2022,Kerala,4-Wheelers,345,16486
878,01-06-2022,Madhya Pradesh,4-Wheelers,42,12480
879,01-06-2022,Maharashtra,4-Wheelers,1082,35587
880,01-06-2022,Odisha,4-Wheelers,32,5778
881,01-06-2022,Puducherry,4-Wheelers,9,808
882,01-06-2022,Punjab,4-Wheelers,3,9388
883,01-06-2022,Rajasthan,4-Wheelers,136,13559
884,01-06-2022,Tamil Nadu,4-Wheelers,199,20592
885,01-06-2022,Uttar Pradesh,4-Wheelers,17,27820
886,01-06-2022,Uttarakhand,4-Wheelers,38,3959
887,01-06-2022,West Bengal,4-Wheelers,91,8407
888,01-07-2022,Andhra Pradesh,4-Wheelers,63,6757
889,01-07-2022,Assam,4-Wheelers,11,6769
890,01-07-2022,Bihar,4-Wheelers,10,5215
891,01-07-2022,Chandigarh,4-Wheelers,21,2709
892,01-07-2022,Chhattisgarh,4-Wheelers,29,4394
893,01-07-2022,Delhi,4-Wheelers,438,16056
894,01-07-2022,Goa,4-Wheelers,107,1545
895,01-07-2022,Gujarat,4-Wheelers,308,24735
896,01-07-2022,Haryana,4-Wheelers,135,17539
897,01-07-2022,Himachal Pradesh,4-Wheelers,6,3618
898,01-07-2022,Jammu and Kashmir,4-Wheelers,9,4577
899,01-07-2022,Jharkhand,4-Wheelers,7,4187
900,01-07-2022,Karnataka,4-Wheelers,358,19322
901,01-07-2022,Kerala,4-Wheelers,292,14993
902,01-07-2022,Madhya Pradesh,4-Wheelers,45,11437
903,01-07-2022,Maharashtra,4-Wheelers,1098,35100
904,01-07-2022,Meghalaya,4-Wheelers,2,1053
905,01-07-2022,Odisha,4-Wheelers,29,5336
906,01-07-2022,Puducherry,4-Wheelers,5,681
907,01-07-2022,Punjab,4-Wheelers,7,9415
908,01-07-2022,Rajasthan,4-Wheelers,102,12817
909,01-07-2022,Tamil Nadu,4-Wheelers,176,17830
910,01-07-2022,Uttar Pradesh,4-Wheelers,19,27276
911,01-07-2022,Uttarakhand,4-Wheelers,34,3820
912,01-07-2022,West Bengal,4-Wheelers,93,8312
913,01-08-2022,Andhra Pradesh,4-Wheelers,64,7491
914,01-08-2022,Assam,4-Wheelers,10,6733
915,01-08-2022,Bihar,4-Wheelers,15,5012
916,01-08-2022,Chandigarh,4-Wheelers,19,1903
917,01-08-2022,Chhattisgarh,4-Wheelers,35,3974
918,01-08-2022,Delhi,4-Wheelers,443,16315
919,01-08-2022,Goa,4-Wheelers,44,2364
920,01-08-2022,Gujarat,4-Wheelers,230,23571
921,01-08-2022,Haryana,4-Wheelers,163,18545
922,01-08-2022,Himachal Pradesh,4-Wheelers,2,3517
923,01-08-2022,Jammu and Kashmir,4-Wheelers,3,4299
924,01-08-2022,Jharkhand,4-Wheelers,15,4040
925,01-08-2022,Karnataka,4-Wheelers,363,23924
926,01-08-2022,Kerala,4-Wheelers,342,21051
927,01-08-2022,Ladakh,4-Wheelers,9,269
928,01-08-2022,Madhya Pradesh,4-Wheelers,72,15953
929,01-08-2022,Maharashtra,4-Wheelers,992,40173
930,01-08-2022,Odisha,4-Wheelers,43,5716
931,01-08-2022,Puducherry,4-Wheelers,4,758
932,01-08-2022,Punjab,4-Wheelers,3,9913
933,01-08-2022,Rajasthan,4-Wheelers,145,12578
934,01-08-2022,Tamil Nadu,4-Wheelers,182,20944
935,01-08-2022,Uttar Pradesh,4-Wheelers,15,25778
936,01-08-2022,Uttarakhand,4-Wheelers,34,3599
937,01-08-2022,West Bengal,4-Wheelers,110,9228
938,01-09-2022,Andhra Pradesh,4-Wheelers,61,8003
939,01-09-2022,Assam,4-Wheelers,13,8690
940,01-09-2022,Bihar,4-Wheelers,14,5315
941,01-09-2022,Chandigarh,4-Wheelers,26,2119
942,01-09-2022,Chhattisgarh,4-Wheelers,50,3978
943,01-09-2022,Delhi,4-Wheelers,471,14076
944,01-09-2022,Goa,4-Wheelers,42,1687
945,01-09-2022,Gujarat,4-Wheelers,299,25102
946,01-09-2022,Haryana,4-Wheelers,49,14140
947,01-09-2022,Himachal Pradesh,4-Wheelers,4,2815
948,01-09-2022,Jammu and Kashmir,4-Wheelers,4,4432
949,01-09-2022,Jharkhand,4-Wheelers,31,4183
950,01-09-2022,Karnataka,4-Wheelers,493,25136
951,01-09-2022,Kerala,4-Wheelers,397,19551
952,01-09-2022,Madhya Pradesh,4-Wheelers,61,11080
953,01-09-2022,Maharashtra,4-Wheelers,939,33643
954,01-09-2022,Meghalaya,4-Wheelers,2,1047
955,01-09-2022,Odisha,4-Wheelers,40,5941
956,01-09-2022,Puducherry,4-Wheelers,2,858
957,01-09-2022,Punjab,4-Wheelers,4,8968
958,01-09-2022,Rajasthan,4-Wheelers,150,12513
959,01-09-2022,Tamil Nadu,4-Wheelers,218,21233
960,01-09-2022,Uttar Pradesh,4-Wheelers,23,22777
961,01-09-2022,Uttarakhand,4-Wheelers,29,3066
962,01-09-2022,West Bengal,4-Wheelers,123,11473
963,01-10-2022,Andhra Pradesh,4-Wheelers,57,8075
964,01-10-2022,Assam,4-Wheelers,11,7529
965,01-10-2022,Bihar,4-Wheelers,19,7888
966,01-10-2022,Chandigarh,4-Wheelers,16,2422
967,01-10-2022,Chhattisgarh,4-Wheelers,51,7365
968,01-10-2022,DNH and DD,4-Wheelers,2,432
969,01-10-2022,Delhi,4-Wheelers,633,18613
970,01-10-2022,Goa,4-Wheelers,40,2230
971,01-10-2022,Gujarat,4-Wheelers,189,31456
972,01-10-2022,Haryana,4-Wheelers,39,21475
973,01-10-2022,Himachal Pradesh,4-Wheelers,2,3447
974,01-10-2022,Jammu and Kashmir,4-Wheelers,8,4556
975,01-10-2022,Jharkhand,4-Wheelers,22,6208
976,01-10-2022,Karnataka,4-Wheelers,563,26091
977,01-10-2022,Kerala,4-Wheelers,419,16857
978,01-10-2022,Madhya Pradesh,4-Wheelers,63,22052
979,01-10-2022,Maharashtra,4-Wheelers,1174,51561
980,01-10-2022,Odisha,4-Wheelers,43,6848
981,01-10-2022,Puducherry,4-Wheelers,4,754
982,01-10-2022,Punjab,4-Wheelers,3,10552
983,01-10-2022,Rajasthan,4-Wheelers,204,22678
984,01-10-2022,Tamil Nadu,4-Wheelers,184,18425
985,01-10-2022,Uttar Pradesh,4-Wheelers,21,42577
986,01-10-2022,Uttarakhand,4-Wheelers,50,5163
987,01-10-2022,West Bengal,4-Wheelers,94,6483
988,01-11-2022,Andhra Pradesh,4-Wheelers,95,6272
989,01-11-2022,Assam,4-Wheelers,10,7676
990,01-11-2022,Bihar,4-Wheelers,6,6295
991,01-11-2022,Chandigarh,4-Wheelers,61,2279
992,01-11-2022,Chhattisgarh,4-Wheelers,33,3846
993,01-11-2022,DNH and DD,4-Wheelers,2,455
994,01-11-2022,Delhi,4-Wheelers,483,15949
995,01-11-2022,Goa,4-Wheelers,26,1797
996,01-11-2022,Gujarat,4-Wheelers,374,36212
997,01-11-2022,Haryana,4-Wheelers,133,21202
998,01-11-2022,Himachal Pradesh,4-Wheelers,2,5135
999,01-11-2022,Jharkhand,4-Wheelers,15,4657
1000,01-11-2022,Karnataka,4-Wheelers,564,23618
1001,01-11-2022,Kerala,4-Wheelers,325,15267
1002,01-11-2022,Madhya Pradesh,4-Wheelers,54,10575
1003,01-11-2022,Maharashtra,4-Wheelers,1144,35215
1004,01-11-2022,Odisha,4-Wheelers,53,5833
1005,01-11-2022,Puducherry,4-Wheelers,9,782
1006,01-11-2022,Rajasthan,4-Wheelers,113,15252
1007,01-11-2022,Tamil Nadu,4-Wheelers,311,20180
1008,01-11-2022,Uttar Pradesh,4-Wheelers,11,31886
1009,01-11-2022,Uttarakhand,4-Wheelers,31,5199
1010,01-11-2022,West Bengal,4-Wheelers,121,10465
1011,01-12-2022,Andaman & Nicobar Island,4-Wheelers,3,229
1012,01-12-2022,Andhra Pradesh,4-Wheelers,120,6769
1013,01-12-2022,Assam,4-Wheelers,4,8441
1014,01-12-2022,Bihar,4-Wheelers,5,4752
1015,01-12-2022,Chandigarh,4-Wheelers,46,2261
1016,01-12-2022,Chhattisgarh,4-Wheelers,40,3887
1017,01-12-2022,DNH and DD,4-Wheelers,2,365
1018,01-12-2022,Delhi,4-Wheelers,791,15492
1019,01-12-2022,Goa,4-Wheelers,30,1744
1020,01-12-2022,Gujarat,4-Wheelers,260,27614
1021,01-12-2022,Haryana,4-Wheelers,177,18223
1022,01-12-2022,Himachal Pradesh,4-Wheelers,7,4026
1023,01-12-2022,Jammu and Kashmir,4-Wheelers,4,5304
1024,01-12-2022,Jharkhand,4-Wheelers,22,3979
1025,01-12-2022,Karnataka,4-Wheelers,438,22142
1026,01-12-2022,Kerala,4-Wheelers,298,16601
1027,01-12-2022,Madhya Pradesh,4-Wheelers,35,11124
1028,01-12-2022,Maharashtra,4-Wheelers,887,32422
1029,01-12-2022,Odisha,4-Wheelers,42,6616
1030,01-12-2022,Puducherry,4-Wheelers,4,690
1031,01-12-2022,Rajasthan,4-Wheelers,110,12634
1032,01-12-2022,Tamil Nadu,4-Wheelers,406,20201
1033,01-12-2022,Uttar Pradesh,4-Wheelers,13,27230
1034,01-12-2022,Uttarakhand,4-Wheelers,24,3881
1035,01-12-2022,West Bengal,4-Wheelers,65,8047
1036,01-01-2023,Andhra Pradesh,4-Wheelers,121,10775
1037,01-01-2023,Assam,4-Wheelers,5,7240
1038,01-01-2023,Bihar,4-Wheelers,19,6600
1039,01-01-2023,Chandigarh,4-Wheelers,50,2500
1040,01-01-2023,Chhattisgarh,4-Wheelers,56,4880
1041,01-01-2023,Delhi,4-Wheelers,331,17993
1042,01-01-2023,Goa,4-Wheelers,44,1888
1043,01-01-2023,Gujarat,4-Wheelers,212,25859
1044,01-01-2023,Haryana,4-Wheelers,141,25164
1045,01-01-2023,Himachal Pradesh,4-Wheelers,5,4192
1046,01-01-2023,Jammu and Kashmir,4-Wheelers,4,4245
1047,01-01-2023,Jharkhand,4-Wheelers,41,5016
1048,01-01-2023,Karnataka,4-Wheelers,587,26011
1049,01-01-2023,Kerala,4-Wheelers,344,17267
1050,01-01-2023,Madhya Pradesh,4-Wheelers,69,17945
1051,01-01-2023,Maharashtra,4-Wheelers,827,44349
1052,01-01-2023,Manipur,4-Wheelers,3,892
1053,01-01-2023,Odisha,4-Wheelers,51,6278
1054,01-01-2023,Puducherry,4-Wheelers,3,1004
1055,01-01-2023,Rajasthan,4-Wheelers,155,18017
1056,01-01-2023,Tamil Nadu,4-Wheelers,202,24430
1057,01-01-2023,Uttar Pradesh,4-Wheelers,26,41439
1058,01-01-2023,Uttarakhand,4-Wheelers,16,5040
1059,01-01-2023,West Bengal,4-Wheelers,124,9141
1060,01-02-2023,Andhra Pradesh,4-Wheelers,116,6628
1061,01-02-2023,Assam,4-Wheelers,13,7029
1062,01-02-2023,Bihar,4-Wheelers,46,6117
1063,01-02-2023,Chandigarh,4-Wheelers,59,2061
1064,01-02-2023,Chhattisgarh,4-Wheelers,73,4196
1065,01-02-2023,DNH and DD,4-Wheelers,3,411
1066,01-02-2023,Delhi,4-Wheelers,510,14823
1067,01-02-2023,Goa,4-Wheelers,83,1760
1068,01-02-2023,Gujarat,4-Wheelers,271,28856
1069,01-02-2023,Haryana,4-Wheelers,175,19656
1070,01-02-2023,Himachal Pradesh,4-Wheelers,21,3952
1071,01-02-2023,Jammu and Kashmir,4-Wheelers,8,4449
1072,01-02-2023,Jharkhand,4-Wheelers,33,4234
1073,01-02-2023,Karnataka,4-Wheelers,616,21837
1074,01-02-2023,Kerala,4-Wheelers,662,14603
1075,01-02-2023,Madhya Pradesh,4-Wheelers,144,17295
1076,01-02-2023,Maharashtra,4-Wheelers,1012,30727
1077,01-02-2023,Manipur,4-Wheelers,5,756
1078,01-02-2023,Odisha,4-Wheelers,60,5397
1079,01-02-2023,Puducherry,4-Wheelers,3,703
1080,01-02-2023,Punjab,4-Wheelers,18,11765
1081,01-02-2023,Rajasthan,4-Wheelers,293,15819
1082,01-02-2023,Tamil Nadu,4-Wheelers,307,18758
1083,01-02-2023,Uttar Pradesh,4-Wheelers,60,32464
1084,01-02-2023,Uttarakhand,4-Wheelers,23,3985
1085,01-02-2023,West Bengal,4-Wheelers,142,8054
1086,01-03-2023,Andhra Pradesh,4-Wheelers,173,7764
1087,01-03-2023,Assam,4-Wheelers,20,8324
1088,01-03-2023,Bihar,4-Wheelers,47,6322
1089,01-03-2023,Chandigarh,4-Wheelers,131,2589
1090,01-03-2023,Chhattisgarh,4-Wheelers,95,5119
1091,01-03-2023,DNH and DD,4-Wheelers,2,485
1092,01-03-2023,Delhi,4-Wheelers,1544,18638
1093,01-03-2023,Goa,4-Wheelers,112,2439
1094,01-03-2023,Gujarat,4-Wheelers,498,26082
1095,01-03-2023,Haryana,4-Wheelers,477,21547
1096,01-03-2023,Himachal Pradesh,4-Wheelers,7,3574
1097,01-03-2023,Jammu and Kashmir,4-Wheelers,17,5388
1098,01-03-2023,Jharkhand,4-Wheelers,52,4670
1099,01-03-2023,Karnataka,4-Wheelers,1062,28169
1100,01-03-2023,Kerala,4-Wheelers,1107,24727
1101,01-03-2023,Madhya Pradesh,4-Wheelers,159,14745
1102,01-03-2023,Maharashtra,4-Wheelers,1389,42854
1103,01-03-2023,Odisha,4-Wheelers,74,6358
1104,01-03-2023,Puducherry,4-Wheelers,4,999
1105,01-03-2023,Punjab,4-Wheelers,13,12430
1106,01-03-2023,Rajasthan,4-Wheelers,425,18370
1107,01-03-2023,Tamil Nadu,4-Wheelers,571,22131
1108,01-03-2023,Tripura,4-Wheelers,9,329
1109,01-03-2023,Uttar Pradesh,4-Wheelers,431,34186
1110,01-03-2023,Uttarakhand,4-Wheelers,48,4596
1111,01-03-2023,West Bengal,4-Wheelers,352,8955
1112,01-04-2023,Andhra Pradesh,4-Wheelers,225,7229
1113,01-04-2023,Assam,4-Wheelers,20,7022
1114,01-04-2023,Bihar,4-Wheelers,40,5840
1115,01-04-2023,Chandigarh,4-Wheelers,62,2482
1116,01-04-2023,Chhattisgarh,4-Wheelers,93,5558
1117,01-04-2023,Delhi,4-Wheelers,551,14861
1118,01-04-2023,Goa,4-Wheelers,57,1633
1119,01-04-2023,Gujarat,4-Wheelers,537,28451
1120,01-04-2023,Haryana,4-Wheelers,363,21914
1121,01-04-2023,Himachal Pradesh,4-Wheelers,9,3880
1122,01-04-2023,Jammu and Kashmir,4-Wheelers,4,3728
1123,01-04-2023,Jharkhand,4-Wheelers,39,4281
1124,01-04-2023,Karnataka,4-Wheelers,762,22368
1125,01-04-2023,Kerala,4-Wheelers,637,9171
1126,01-04-2023,Madhya Pradesh,4-Wheelers,95,10894
1127,01-04-2023,Maharashtra,4-Wheelers,1139,35336
1128,01-04-2023,Meghalaya,4-Wheelers,2,1094
1129,01-04-2023,Odisha,4-Wheelers,84,5315
1130,01-04-2023,Puducherry,4-Wheelers,5,735
1131,01-04-2023,Punjab,4-Wheelers,22,9734
1132,01-04-2023,Rajasthan,4-Wheelers,291,14377
1133,01-04-2023,Tamil Nadu,4-Wheelers,399,18659
1134,01-04-2023,Uttar Pradesh,4-Wheelers,364,32143
1135,01-04-2023,Uttarakhand,4-Wheelers,47,4887
1136,01-04-2023,West Bengal,4-Wheelers,152,7999
1137,01-05-2023,Andhra Pradesh,4-Wheelers,216,8095
1138,01-05-2023,Assam,4-Wheelers,30,6994
1139,01-05-2023,Bihar,4-Wheelers,46,6865
1140,01-05-2023,Chandigarh,4-Wheelers,83,2556
1141,01-05-2023,Chhattisgarh,4-Wheelers,185,3785
1142,01-05-2023,DNH and DD,4-Wheelers,4,416
1143,01-05-2023,Delhi,4-Wheelers,787,16609
1144,01-05-2023,Goa,4-Wheelers,85,1878
1145,01-05-2023,Gujarat,4-Wheelers,710,25770
1146,01-05-2023,Haryana,4-Wheelers,211,21218
1147,01-05-2023,Himachal Pradesh,4-Wheelers,21,3565
1148,01-05-2023,Jammu and Kashmir,4-Wheelers,14,5095
1149,01-05-2023,Jharkhand,4-Wheelers,37,4755
1150,01-05-2023,Karnataka,4-Wheelers,999,22601
1151,01-05-2023,Kerala,4-Wheelers,954,14819
1152,01-05-2023,Madhya Pradesh,4-Wheelers,136,12488
1153,01-05-2023,Maharashtra,4-Wheelers,1137,35179
1154,01-05-2023,Manipur,4-Wheelers,4,119
1155,01-05-2023,Meghalaya,4-Wheelers,2,1027
1156,01-05-2023,Odisha,4-Wheelers,105,5951
1157,01-05-2023,Puducherry,4-Wheelers,6,943
1158,01-05-2023,Punjab,4-Wheelers,63,11047
1159,01-05-2023,Rajasthan,4-Wheelers,419,16157
1160,01-05-2023,Tamil Nadu,4-Wheelers,529,20789
1161,01-05-2023,Tripura,4-Wheelers,2,436
1162,01-05-2023,Uttar Pradesh,4-Wheelers,472,34515
1163,01-05-2023,Uttarakhand,4-Wheelers,61,4675
1164,01-05-2023,West Bengal,4-Wheelers,322,8672
1165,01-06-2023,Andhra Pradesh,4-Wheelers,156,6611
1166,01-06-2023,Assam,4-Wheelers,28,6751
1167,01-06-2023,Bihar,4-Wheelers,52,6134
1168,01-06-2023,Chandigarh,4-Wheelers,77,2597
1169,01-06-2023,Chhattisgarh,4-Wheelers,114,3650
1170,01-06-2023,Delhi,4-Wheelers,935,15723
1171,01-06-2023,Goa,4-Wheelers,75,1699
1172,01-06-2023,Gujarat,4-Wheelers,698,24829
1173,01-06-2023,Haryana,4-Wheelers,263,21135
1174,01-06-2023,Himachal Pradesh,4-Wheelers,19,3448
1175,01-06-2023,Jammu and Kashmir,4-Wheelers,18,4437
1176,01-06-2023,Jharkhand,4-Wheelers,48,4320
1177,01-06-2023,Karnataka,4-Wheelers,1142,24603
1178,01-06-2023,Kerala,4-Wheelers,885,14389
1179,01-06-2023,Madhya Pradesh,4-Wheelers,107,10927
1180,01-06-2023,Maharashtra,4-Wheelers,1360,36069
1181,01-06-2023,Meghalaya,4-Wheelers,2,950
1182,01-06-2023,Odisha,4-Wheelers,89,5873
1183,01-06-2023,Puducherry,4-Wheelers,8,910
1184,01-06-2023,Punjab,4-Wheelers,76,10547
1185,01-06-2023,Rajasthan,4-Wheelers,380,15534
1186,01-06-2023,Tamil Nadu,4-Wheelers,572,22976
1187,01-06-2023,Tripura,4-Wheelers,2,375
1188,01-06-2023,Uttar Pradesh,4-Wheelers,393,30578
1189,01-06-2023,Uttarakhand,4-Wheelers,42,4393
1190,01-06-2023,West Bengal,4-Wheelers,247,8471
1191,01-07-2023,Andaman & Nicobar Island,4-Wheelers,3,163
1192,01-07-2023,Andhra Pradesh,4-Wheelers,157,6820
1193,01-07-2023,Arunachal Pradesh,4-Wheelers,2,1069
1194,01-07-2023,Assam,4-Wheelers,23,7381
1195,01-07-2023,Bihar,4-Wheelers,58,5189
1196,01-07-2023,Chandigarh,4-Wheelers,71,2326
1197,01-07-2023,Chhattisgarh,4-Wheelers,94,3346
1198,01-07-2023,DNH and DD,4-Wheelers,4,391
1199,01-07-2023,Delhi,4-Wheelers,831,15285
1200,01-07-2023,Goa,4-Wheelers,84,1739
1201,01-07-2023,Gujarat,4-Wheelers,692,27755
1202,01-07-2023,Haryana,4-Wheelers,92,11915
1203,01-07-2023,Himachal Pradesh,4-Wheelers,12,3956
1204,01-07-2023,Jammu and Kashmir,4-Wheelers,11,4435
1205,01-07-2023,Jharkhand,4-Wheelers,31,4010
1206,01-07-2023,Karnataka,4-Wheelers,1221,23154
1207,01-07-2023,Kerala,4-Wheelers,871,14002
1208,01-07-2023,Madhya Pradesh,4-Wheelers,138,10811
1209,01-07-2023,Maharashtra,4-Wheelers,1103,36082
1210,01-07-2023,Manipur,4-Wheelers,6,427
1211,01-07-2023,Meghalaya,4-Wheelers,3,1030
1212,01-07-2023,Odisha,4-Wheelers,134,5745
1213,01-07-2023,Puducherry,4-Wheelers,7,809
1214,01-07-2023,Punjab,4-Wheelers,92,10766
1215,01-07-2023,Rajasthan,4-Wheelers,405,14064
1216,01-07-2023,Tamil Nadu,4-Wheelers,630,20553
1217,01-07-2023,Tripura,4-Wheelers,2,578
1218,01-07-2023,Uttar Pradesh,4-Wheelers,420,29214
1219,01-07-2023,Uttarakhand,4-Wheelers,53,4216
1220,01-07-2023,West Bengal,4-Wheelers,179,8111
1221,01-08-2023,Andaman & Nicobar Island,4-Wheelers,3,183
1222,01-08-2023,Andhra Pradesh,4-Wheelers,104,7397
1223,01-08-2023,Arunachal Pradesh,4-Wheelers,4,1121
1224,01-08-2023,Assam,4-Wheelers,27,7557
1225,01-08-2023,Bihar,4-Wheelers,53,5334
1226,01-08-2023,Chandigarh,4-Wheelers,80,1937
1227,01-08-2023,Chhattisgarh,4-Wheelers,107,3859
1228,01-08-2023,Delhi,4-Wheelers,440,15852
1229,01-08-2023,Goa,4-Wheelers,98,2177
1230,01-08-2023,Gujarat,4-Wheelers,512,25572
1231,01-08-2023,Haryana,4-Wheelers,189,24414
1232,01-08-2023,Himachal Pradesh,4-Wheelers,11,3975
1233,01-08-2023,Jammu and Kashmir,4-Wheelers,15,4843
1234,01-08-2023,Jharkhand,4-Wheelers,52,4040
1235,01-08-2023,Karnataka,4-Wheelers,1196,28235
1236,01-08-2023,Kerala,4-Wheelers,736,18189
1237,01-08-2023,Madhya Pradesh,4-Wheelers,112,11479
1238,01-08-2023,Maharashtra,4-Wheelers,1070,40169
1239,01-08-2023,Manipur,4-Wheelers,6,458
1240,01-08-2023,Meghalaya,4-Wheelers,3,1215
1241,01-08-2023,Odisha,4-Wheelers,146,6282
1242,01-08-2023,Puducherry,4-Wheelers,14,955
1243,01-08-2023,Punjab,4-Wheelers,75,11493
1244,01-08-2023,Rajasthan,4-Wheelers,396,14786
1245,01-08-2023,Tamil Nadu,4-Wheelers,591,23537
1246,01-08-2023,Tripura,4-Wheelers,2,466
1247,01-08-2023,Uttar Pradesh,4-Wheelers,482,29829
1248,01-08-2023,Uttarakhand,4-Wheelers,50,4283
1249,01-08-2023,West Bengal,4-Wheelers,178,9101
1250,01-09-2023,Andhra Pradesh,4-Wheelers,59,7044
1251,01-09-2023,Arunachal Pradesh,4-Wheelers,4,1003
1252,01-09-2023,Assam,4-Wheelers,23,8078
1253,01-09-2023,Bihar,4-Wheelers,60,5210
1254,01-09-2023,Chandigarh,4-Wheelers,54,1491
1255,01-09-2023,Chhattisgarh,4-Wheelers,83,3993
1256,01-09-2023,DNH and DD,4-Wheelers,6,468
1257,01-09-2023,Delhi,4-Wheelers,380,15776
1258,01-09-2023,Goa,4-Wheelers,69,2801
1259,01-09-2023,Gujarat,4-Wheelers,633,36818
1260,01-09-2023,Haryana,4-Wheelers,92,24045
1261,01-09-2023,Himachal Pradesh,4-Wheelers,9,3683
1262,01-09-2023,Jammu and Kashmir,4-Wheelers,9,4430
1263,01-09-2023,Jharkhand,4-Wheelers,22,4600
1264,01-09-2023,Karnataka,4-Wheelers,942,24184
1265,01-09-2023,Kerala,4-Wheelers,773,21467
1266,01-09-2023,Madhya Pradesh,4-Wheelers,117,11748
1267,01-09-2023,Maharashtra,4-Wheelers,869,43063
1268,01-09-2023,Meghalaya,4-Wheelers,3,1139
1269,01-09-2023,Odisha,4-Wheelers,101,6354
1270,01-09-2023,Puducherry,4-Wheelers,10,912
1271,01-09-2023,Punjab,4-Wheelers,83,12368
1272,01-09-2023,Rajasthan,4-Wheelers,375,16356
1273,01-09-2023,Tamil Nadu,4-Wheelers,543,22461
1274,01-09-2023,Tripura,4-Wheelers,3,470
1275,01-09-2023,Uttar Pradesh,4-Wheelers,476,29087
1276,01-09-2023,Uttarakhand,4-Wheelers,30,4234
1277,01-09-2023,West Bengal,4-Wheelers,218,9011
1278,01-10-2023,Andhra Pradesh,4-Wheelers,68,7743
1279,01-10-2023,Arunachal Pradesh,4-Wheelers,2,1111
1280,01-10-2023,Assam,4-Wheelers,24,9481
1281,01-10-2023,Bihar,4-Wheelers,57,6068
1282,01-10-2023,Chandigarh,4-Wheelers,71,1722
1283,01-10-2023,Chhattisgarh,4-Wheelers,79,4920
1284,01-10-2023,DNH and DD,4-Wheelers,12,620
1285,01-10-2023,Delhi,4-Wheelers,519,16459
1286,01-10-2023,Goa,4-Wheelers,87,2094
1287,01-10-2023,Gujarat,4-Wheelers,670,42365
1288,01-10-2023,Haryana,4-Wheelers,220,20543
1289,01-10-2023,Himachal Pradesh,4-Wheelers,7,3066
1290,01-10-2023,Jammu and Kashmir,4-Wheelers,10,4603
1291,01-10-2023,Jharkhand,4-Wheelers,30,4837
1292,01-10-2023,Karnataka,4-Wheelers,1154,25652
1293,01-10-2023,Kerala,4-Wheelers,642,14522
1294,01-10-2023,Madhya Pradesh,4-Wheelers,112,13646
1295,01-10-2023,Maharashtra,4-Wheelers,1404,47126
1296,01-10-2023,Manipur,4-Wheelers,2,272
1297,01-10-2023,Odisha,4-Wheelers,130,8500
1298,01-10-2023,Puducherry,4-Wheelers,7,990
1299,01-10-2023,Punjab,4-Wheelers,94,11396
1300,01-10-2023,Rajasthan,4-Wheelers,464,18951
1301,01-10-2023,Tamil Nadu,4-Wheelers,556,28342
1302,01-10-2023,Tripura,4-Wheelers,3,497
1303,01-10-2023,Uttar Pradesh,4-Wheelers,512,33774
1304,01-10-2023,Uttarakhand,4-Wheelers,34,4562
1305,01-10-2023,West Bengal,4-Wheelers,238,9972
1306,01-11-2023,Andhra Pradesh,4-Wheelers,98,8220
1307,01-11-2023,Arunachal Pradesh,4-Wheelers,3,1226
1308,01-11-2023,Assam,4-Wheelers,26,7960
1309,01-11-2023,Bihar,4-Wheelers,50,9075
1310,01-11-2023,Chandigarh,4-Wheelers,88,1805
1311,01-11-2023,Chhattisgarh,4-Wheelers,99,5877
1312,01-11-2023,DNH and DD,4-Wheelers,3,590
1313,01-11-2023,Delhi,4-Wheelers,538,18675
1314,01-11-2023,Goa,4-Wheelers,97,2521
1315,01-11-2023,Gujarat,4-Wheelers,592,32601
1316,01-11-2023,Haryana,4-Wheelers,215,22002
1317,01-11-2023,Himachal Pradesh,4-Wheelers,15,4242
1318,01-11-2023,Jammu and Kashmir,4-Wheelers,18,4981
1319,01-11-2023,Jharkhand,4-Wheelers,40,6684
1320,01-11-2023,Karnataka,4-Wheelers,822,26232
1321,01-11-2023,Kerala,4-Wheelers,641,12551
1322,01-11-2023,Madhya Pradesh,4-Wheelers,137,17166
1323,01-11-2023,Maharashtra,4-Wheelers,1315,48131
1324,01-11-2023,Manipur,4-Wheelers,2,246
1325,01-11-2023,Meghalaya,4-Wheelers,2,1387
1326,01-11-2023,Odisha,4-Wheelers,177,7105
1327,01-11-2023,Puducherry,4-Wheelers,11,990
1328,01-11-2023,Punjab,4-Wheelers,128,12992
1329,01-11-2023,Rajasthan,4-Wheelers,539,24386
1330,01-11-2023,Tamil Nadu,4-Wheelers,599,19015
1331,01-11-2023,Tripura,4-Wheelers,2,657
1332,01-11-2023,Uttar Pradesh,4-Wheelers,446,42692
1333,01-11-2023,Uttarakhand,4-Wheelers,47,5398
1334,01-11-2023,West Bengal,4-Wheelers,290,9743
1335,01-12-2023,Andaman & Nicobar Island,4-Wheelers,2,175
1336,01-12-2023,Andhra Pradesh,4-Wheelers,130,7155
1337,01-12-2023,Arunachal Pradesh,4-Wheelers,2,1137
1338,01-12-2023,Assam,4-Wheelers,30,8111
1339,01-12-2023,Bihar,4-Wheelers,59,4788
1340,01-12-2023,Chandigarh,4-Wheelers,130,1496
1341,01-12-2023,Chhattisgarh,4-Wheelers,93,3575
1342,01-12-2023,DNH and DD,4-Wheelers,5,488
1343,01-12-2023,Delhi,4-Wheelers,811,16567
1344,01-12-2023,Goa,4-Wheelers,71,1859
1345,01-12-2023,Gujarat,4-Wheelers,548,26023
1346,01-12-2023,Haryana,4-Wheelers,218,23698
1347,01-12-2023,Himachal Pradesh,4-Wheelers,16,5710
1348,01-12-2023,Jammu and Kashmir,4-Wheelers,15,4531
1349,01-12-2023,Jharkhand,4-Wheelers,27,4375
1350,01-12-2023,Karnataka,4-Wheelers,1155,22859
1351,01-12-2023,Kerala,4-Wheelers,736,13811
1352,01-12-2023,Madhya Pradesh,4-Wheelers,134,9736
1353,01-12-2023,Maharashtra,4-Wheelers,1125,32212
1354,01-12-2023,Manipur,4-Wheelers,2,206
1355,01-12-2023,Odisha,4-Wheelers,186,7280
1356,01-12-2023,Puducherry,4-Wheelers,12,860
1357,01-12-2023,Punjab,4-Wheelers,116,13632
1358,01-12-2023,Rajasthan,4-Wheelers,348,13082
1359,01-12-2023,Tamil Nadu,4-Wheelers,520,19246
1360,01-12-2023,Tripura,4-Wheelers,4,489
1361,01-12-2023,Uttar Pradesh,4-Wheelers,498,29434
1362,01-12-2023,Uttarakhand,4-Wheelers,37,5430
1363,01-12-2023,West Bengal,4-Wheelers,160,8435
1364,01-01-2024,Uttar Pradesh,4-Wheelers,399,44334
1365,01-01-2024,Maharashtra,4-Wheelers,1289,50156
1366,01-01-2024,Karnataka,4-Wheelers,1080,30770
1367,01-01-2024,Tamil Nadu,4-Wheelers,626,28455
1368,01-01-2024,Bihar,4-Wheelers,58,6824
1369,01-01-2024,Kerala,4-Wheelers,734,164
1370,01-01-2024,Rajasthan,4-Wheelers,498,21747
1371,01-01-2024,Delhi,4-Wheelers,1345,21520
1372,01-01-2024,Madhya Pradesh,4-Wheelers,172,19326
1373,01-01-2024,Gujarat,4-Wheelers,494,33379
1374,01-01-2024,Odisha,4-Wheelers,150,7500
1375,01-01-2024,Assam,4-Wheelers,21,7242
1376,01-01-2024,Haryana,4-Wheelers,282,28776
1377,01-01-2024,Chhattisgarh,4-Wheelers,91,4946
1378,01-01-2024,West Bengal,4-Wheelers,184,10223
1379,01-01-2024,Punjab,4-Wheelers,105,15000
1380,01-01-2024,Andhra Pradesh,4-Wheelers,123,8483
1381,01-01-2024,Jharkhand,4-Wheelers,29,4678
1382,01-01-2024,Uttarakhand,4-Wheelers,49,5385
1383,01-01-2024,Jammu and Kashmir,4-Wheelers,10,5264
1384,01-01-2024,Goa,4-Wheelers,86,2331
1385,01-01-2024,Chandigarh,4-Wheelers,101,1624
1386,01-01-2024,Tripura,4-Wheelers,2,466
1387,01-01-2024,Puducherry,4-Wheelers,10,1250
1388,01-01-2024,Himachal Pradesh,4-Wheelers,13,4815
1389,01-01-2024,DNH and DD,4-Wheelers,3,527
1390,01-01-2024,Manipur,4-Wheelers,7,433
1391,01-01-2024,Arunachal Pradesh,4-Wheelers,5,1174
1392,01-02-2024,Uttar Pradesh,4-Wheelers,394,37170
1393,01-02-2024,Maharashtra,4-Wheelers,1227,36302
1394,01-02-2024,Karnataka,4-Wheelers,923,24812
1395,01-02-2024,Tamil Nadu,4-Wheelers,595,23063
1396,01-02-2024,Rajasthan,4-Wheelers,517,19149
1397,01-02-2024,Bihar,4-Wheelers,71,6762
1398,01-02-2024,Madhya Pradesh,4-Wheelers,146,18025
1399,01-02-2024,Kerala,4-Wheelers,684,12281
1400,01-02-2024,Gujarat,4-Wheelers,510,25758
1401,01-02-2024,Delhi,4-Wheelers,596,17898
1402,01-02-2024,Assam,4-Wheelers,24,6858
1403,01-02-2024,Odisha,4-Wheelers,203,6305
1404,01-02-2024,Chhattisgarh,4-Wheelers,99,4125
1405,01-02-2024,Punjab,4-Wheelers,111,14051
1406,01-02-2024,Andhra Pradesh,4-Wheelers,128,6125
1407,01-02-2024,Haryana,4-Wheelers,312,26000
1408,01-02-2024,West Bengal,4-Wheelers,185,8487
1409,01-02-2024,Jharkhand,4-Wheelers,42,4667
1410,01-02-2024,Uttarakhand,4-Wheelers,60,5826
1411,01-02-2024,Jammu and Kashmir,4-Wheelers,24,4211
1412,01-02-2024,Goa,4-Wheelers,99,1772
1413,01-02-2024,Tripura,4-Wheelers,5,538
1414,01-02-2024,Chandigarh,4-Wheelers,84,1321
1415,01-02-2024,Puducherry,4-Wheelers,16,1177
1416,01-02-2024,Himachal Pradesh,4-Wheelers,11,4584
1417,01-02-2024,Manipur,4-Wheelers,7,310
1418,01-02-2024,DNH and DD,4-Wheelers,5,444
1419,01-02-2024,Meghalaya,4-Wheelers,4,1261
1420,01-02-2024,Arunachal Pradesh,4-Wheelers,4,1184
1421,01-03-2024,Maharashtra,4-Wheelers,1079,36826
1422,01-03-2024,Uttar Pradesh,4-Wheelers,389,34425
1423,01-03-2024,Karnataka,4-Wheelers,1482,26751
1424,01-03-2024,Tamil Nadu,4-Wheelers,749,22095
1425,01-03-2024,Rajasthan,4-Wheelers,493,16942
1426,01-03-2024,Delhi,4-Wheelers,897,15905
1427,01-03-2024,Kerala,4-Wheelers,876,13861
1428,01-03-2024,Gujarat,4-Wheelers,661,25424
1429,01-03-2024,Bihar,4-Wheelers,99,6972
1430,01-03-2024,Madhya Pradesh,4-Wheelers,143,14743
1431,01-03-2024,Andhra Pradesh,4-Wheelers,366,7838
1432,01-03-2024,Assam,4-Wheelers,53,7465
1433,01-03-2024,Chhattisgarh,4-Wheelers,120,4348
1434,01-03-2024,Punjab,4-Wheelers,132,14348
1435,01-03-2024,West Bengal,4-Wheelers,495,8089
1436,01-03-2024,Haryana,4-Wheelers,305,23644
1437,01-03-2024,Jharkhand,4-Wheelers,52,4483
1438,01-03-2024,Goa,4-Wheelers,123,1730
1439,01-03-2024,Uttarakhand,4-Wheelers,51,4812
1440,01-03-2024,Jammu and Kashmir,4-Wheelers,18,4500
1441,01-03-2024,Tripura,4-Wheelers,3,556
1442,01-03-2024,Chandigarh,4-Wheelers,119,1294
1443,01-03-2024,Puducherry,4-Wheelers,5,1042
1444,01-03-2024,Meghalaya,4-Wheelers,3,1200
1445,01-03-2024,Himachal Pradesh,4-Wheelers,17,4147
1446,01-03-2024,DNH and DD,4-Wheelers,4,429
1447,01-03-2024,Manipur,4-Wheelers,2,370
1448,01-04-2021,Andhra Pradesh,2-Wheelers,436,63444
1449,01-04-2021,Assam,2-Wheelers,7,30344
1450,01-04-2021,Bihar,2-Wheelers,47,81056
1451,01-04-2021,Chandigarh,2-Wheelers,6,1200
1452,01-04-2021,Chhattisgarh,2-Wheelers,36,10274
1453,01-04-2021,Delhi,2-Wheelers,272,14233
1454,01-04-2021,Goa,2-Wheelers,36,3374
1455,01-04-2021,Gujarat,2-Wheelers,98,49005
1456,01-04-2021,Haryana,2-Wheelers,101,31078
1457,01-04-2021,Himachal Pradesh,2-Wheelers,9,4360
1458,01-04-2021,Jammu and Kashmir,2-Wheelers,22,6874
1459,01-04-2021,Jharkhand,2-Wheelers,80,26969
1460,01-04-2021,Karnataka,2-Wheelers,1549,59979
1461,01-04-2021,Kerala,2-Wheelers,379,57624
1462,01-04-2021,Madhya Pradesh,2-Wheelers,126,29491
1463,01-04-2021,Maharashtra,2-Wheelers,428,45515
1464,01-04-2021,Manipur,2-Wheelers,2,3048
1465,01-04-2021,Odisha,2-Wheelers,191,36953
1466,01-04-2021,Puducherry,2-Wheelers,18,2581
1467,01-04-2021,Punjab,2-Wheelers,9,24348
1468,01-04-2021,Rajasthan,2-Wheelers,325,48828
1469,01-04-2021,Tamil Nadu,2-Wheelers,1297,107658
1470,01-04-2021,Uttar Pradesh,2-Wheelers,171,137840
1471,01-04-2021,Uttarakhand,2-Wheelers,34,7607
1472,01-04-2021,West Bengal,2-Wheelers,9,65885
1473,01-05-2021,Andhra Pradesh,2-Wheelers,201,41370
1474,01-05-2021,Bihar,2-Wheelers,8,55276
1475,01-05-2021,Chhattisgarh,2-Wheelers,6,5280
1476,01-05-2021,Goa,2-Wheelers,27,379
1477,01-05-2021,Gujarat,2-Wheelers,106,33419
1478,01-05-2021,Haryana,2-Wheelers,17,7315
1479,01-05-2021,Himachal Pradesh,2-Wheelers,4,1721
1480,01-05-2021,Jammu and Kashmir,2-Wheelers,50,1916
1481,01-05-2021,Jharkhand,2-Wheelers,39,21680
1482,01-05-2021,Karnataka,2-Wheelers,140,4942
1483,01-05-2021,Kerala,2-Wheelers,95,6675
1484,01-05-2021,Maharashtra,2-Wheelers,189,16627
1485,01-05-2021,Odisha,2-Wheelers,28,5900
1486,01-05-2021,Puducherry,2-Wheelers,3,314
1487,01-05-2021,Punjab,2-Wheelers,21,14366
1488,01-05-2021,Rajasthan,2-Wheelers,33,18802
1489,01-05-2021,Tamil Nadu,2-Wheelers,237,17837
1490,01-05-2021,Uttar Pradesh,2-Wheelers,25,147458
1491,01-05-2021,Uttarakhand,2-Wheelers,6,2957
1492,01-05-2021,West Bengal,2-Wheelers,6,28906
1493,01-06-2021,Andhra Pradesh,2-Wheelers,369,53867
1494,01-06-2021,Assam,2-Wheelers,6,22586
1495,01-06-2021,Bihar,2-Wheelers,67,100771
1496,01-06-2021,Chandigarh,2-Wheelers,2,1314
1497,01-06-2021,Chhattisgarh,2-Wheelers,138,31808
1498,01-06-2021,DNH and DD,2-Wheelers,2,627
1499,01-06-2021,Delhi,2-Wheelers,205,22186
1500,01-06-2021,Goa,2-Wheelers,17,1533
1501,01-06-2021,Gujarat,2-Wheelers,207,59121
1502,01-06-2021,Haryana,2-Wheelers,74,31957
1503,01-06-2021,Himachal Pradesh,2-Wheelers,25,5098
1504,01-06-2021,Jammu and Kashmir,2-Wheelers,87,8677
1505,01-06-2021,Jharkhand,2-Wheelers,42,33533
1506,01-06-2021,Karnataka,2-Wheelers,560,19402
1507,01-06-2021,Kerala,2-Wheelers,184,17828
1508,01-06-2021,Madhya Pradesh,2-Wheelers,227,90928
1509,01-06-2021,Maharashtra,2-Wheelers,891,75098
1510,01-06-2021,Odisha,2-Wheelers,147,23193
1511,01-06-2021,Puducherry,2-Wheelers,31,2559
1512,01-06-2021,Punjab,2-Wheelers,71,23393
1513,01-06-2021,Rajasthan,2-Wheelers,515,59809
1514,01-06-2021,Tamil Nadu,2-Wheelers,660,45197
1515,01-06-2021,Uttar Pradesh,2-Wheelers,92,264409
1516,01-06-2021,Uttarakhand,2-Wheelers,37,9766
1517,01-06-2021,West Bengal,2-Wheelers,12,67354
1518,01-07-2021,Andhra Pradesh,2-Wheelers,811,58165
1519,01-07-2021,Assam,2-Wheelers,22,22521
1520,01-07-2021,Bihar,2-Wheelers,189,70562
1521,01-07-2021,Chandigarh,2-Wheelers,11,1286
1522,01-07-2021,Chhattisgarh,2-Wheelers,253,30642
1523,01-07-2021,DNH and DD,2-Wheelers,3,704
1524,01-07-2021,Delhi,2-Wheelers,818,24955
1525,01-07-2021,Goa,2-Wheelers,64,1694
1526,01-07-2021,Gujarat,2-Wheelers,358,68641
1527,01-07-2021,Haryana,2-Wheelers,134,24476
1528,01-07-2021,Himachal Pradesh,2-Wheelers,18,6543
1529,01-07-2021,Jammu and Kashmir,2-Wheelers,203,10104
1530,01-07-2021,Jharkhand,2-Wheelers,108,29512
1531,01-07-2021,Karnataka,2-Wheelers,3384,84001
1532,01-07-2021,Kerala,2-Wheelers,456,41455
1533,01-07-2021,Madhya Pradesh,2-Wheelers,469,99094
1534,01-07-2021,Maharashtra,2-Wheelers,2101,146083
1535,01-07-2021,Odisha,2-Wheelers,324,38080
1536,01-07-2021,Puducherry,2-Wheelers,38,3592
1537,01-07-2021,Punjab,2-Wheelers,318,27261
1538,01-07-2021,Rajasthan,2-Wheelers,1378,67308
1539,01-07-2021,Tamil Nadu,2-Wheelers,2801,122808
1540,01-07-2021,Uttar Pradesh,2-Wheelers,303,215180
1541,01-07-2021,Uttarakhand,2-Wheelers,76,12268
1542,01-07-2021,West Bengal,2-Wheelers,36,76665
1543,01-08-2021,Andhra Pradesh,2-Wheelers,666,58473
1544,01-08-2021,Assam,2-Wheelers,26,25097
1545,01-08-2021,Bihar,2-Wheelers,191,54618
1546,01-08-2021,Chandigarh,2-Wheelers,19,1380
1547,01-08-2021,Chhattisgarh,2-Wheelers,238,27491
1548,01-08-2021,DNH and DD,2-Wheelers,2,584
1549,01-08-2021,Delhi,2-Wheelers,995,26069
1550,01-08-2021,Goa,2-Wheelers,22,2316
1551,01-08-2021,Gujarat,2-Wheelers,584,54721
1552,01-08-2021,Haryana,2-Wheelers,441,30342
1553,01-08-2021,Himachal Pradesh,2-Wheelers,32,5430
1554,01-08-2021,Jammu and Kashmir,2-Wheelers,122,9978
1555,01-08-2021,Jharkhand,2-Wheelers,137,26589
1556,01-08-2021,Karnataka,2-Wheelers,3319,79751
1557,01-08-2021,Kerala,2-Wheelers,598,52507
1558,01-08-2021,Madhya Pradesh,2-Wheelers,457,67859
1559,01-08-2021,Maharashtra,2-Wheelers,2419,119076
1560,01-08-2021,Odisha,2-Wheelers,485,33821
1561,01-08-2021,Puducherry,2-Wheelers,34,3496
1562,01-08-2021,Punjab,2-Wheelers,342,27376
1563,01-08-2021,Rajasthan,2-Wheelers,1451,57021
1564,01-08-2021,Tamil Nadu,2-Wheelers,2745,109440
1565,01-08-2021,Uttar Pradesh,2-Wheelers,531,146734
1566,01-08-2021,Uttarakhand,2-Wheelers,114,11192
1567,01-08-2021,West Bengal,2-Wheelers,80,63613
1568,01-09-2021,Andhra Pradesh,2-Wheelers,766,51764
1569,01-09-2021,Assam,2-Wheelers,38,24438
1570,01-09-2021,Bihar,2-Wheelers,475,48021
1571,01-09-2021,Chandigarh,2-Wheelers,25,1162
1572,01-09-2021,Chhattisgarh,2-Wheelers,244,24790
1573,01-09-2021,Delhi,2-Wheelers,809,17347
1574,01-09-2021,Goa,2-Wheelers,87,3081
1575,01-09-2021,Gujarat,2-Wheelers,959,71820
1576,01-09-2021,Haryana,2-Wheelers,691,32590
1577,01-09-2021,Himachal Pradesh,2-Wheelers,33,4975
1578,01-09-2021,Jammu and Kashmir,2-Wheelers,157,7354
1579,01-09-2021,Jharkhand,2-Wheelers,149,24528
1580,01-09-2021,Karnataka,2-Wheelers,3539,80292
1581,01-09-2021,Kerala,2-Wheelers,789,48245
1582,01-09-2021,Madhya Pradesh,2-Wheelers,590,65166
1583,01-09-2021,Maharashtra,2-Wheelers,2166,92351
1584,01-09-2021,Odisha,2-Wheelers,490,28355
1585,01-09-2021,Puducherry,2-Wheelers,48,3211
1586,01-09-2021,Punjab,2-Wheelers,487,24819
1587,01-09-2021,Rajasthan,2-Wheelers,1625,48502
1588,01-09-2021,Tamil Nadu,2-Wheelers,2880,108477
1589,01-09-2021,Uttar Pradesh,2-Wheelers,730,132962
1590,01-09-2021,Uttarakhand,2-Wheelers,169,9926
1591,01-09-2021,West Bengal,2-Wheelers,84,65430
1592,01-10-2021,Andhra Pradesh,2-Wheelers,993,88110
1593,01-10-2021,Assam,2-Wheelers,28,32155
1594,01-10-2021,Bihar,2-Wheelers,470,50679
1595,01-10-2021,Chandigarh,2-Wheelers,18,1792
1596,01-10-2021,Chhattisgarh,2-Wheelers,301,33464
1597,01-10-2021,Delhi,2-Wheelers,995,26087
1598,01-10-2021,Goa,2-Wheelers,163,3914
1599,01-10-2021,Gujarat,2-Wheelers,1460,84700
1600,01-10-2021,Haryana,2-Wheelers,505,26891
1601,01-10-2021,Himachal Pradesh,2-Wheelers,29,4651
1602,01-10-2021,Jammu and Kashmir,2-Wheelers,199,8601
1603,01-10-2021,Jharkhand,2-Wheelers,253,28877
1604,01-10-2021,Karnataka,2-Wheelers,3709,76401
1605,01-10-2021,Kerala,2-Wheelers,833,42377
1606,01-10-2021,Ladakh,2-Wheelers,6,18
1607,01-10-2021,Madhya Pradesh,2-Wheelers,545,52075
1608,01-10-2021,Maharashtra,2-Wheelers,3554,131332
1609,01-10-2021,Manipur,2-Wheelers,6,2098
1610,01-10-2021,Odisha,2-Wheelers,948,52708
1611,01-10-2021,Puducherry,2-Wheelers,31,2839
1612,01-10-2021,Punjab,2-Wheelers,416,29940
1613,01-10-2021,Rajasthan,2-Wheelers,1602,65626
1614,01-10-2021,Tamil Nadu,2-Wheelers,2530,85674
1615,01-10-2021,Uttar Pradesh,2-Wheelers,1022,129924
1616,01-10-2021,Uttarakhand,2-Wheelers,129,12826
1617,01-10-2021,West Bengal,2-Wheelers,67,53475
1618,01-11-2021,Andhra Pradesh,2-Wheelers,1114,64835
1619,01-11-2021,Assam,2-Wheelers,120,29586
1620,01-11-2021,Bihar,2-Wheelers,604,107209
1621,01-11-2021,Chandigarh,2-Wheelers,79,2083
1622,01-11-2021,Chhattisgarh,2-Wheelers,509,63099
1623,01-11-2021,Delhi,2-Wheelers,1269,37710
1624,01-11-2021,Goa,2-Wheelers,178,4104
1625,01-11-2021,Gujarat,2-Wheelers,1569,110759
1626,01-11-2021,Haryana,2-Wheelers,871,43957
1627,01-11-2021,Himachal Pradesh,2-Wheelers,61,7398
1628,01-11-2021,Jammu and Kashmir,2-Wheelers,64,8083
1629,01-11-2021,Jharkhand,2-Wheelers,370,51355
1630,01-11-2021,Karnataka,2-Wheelers,3430,74444
1631,01-11-2021,Kerala,2-Wheelers,948,43718
1632,01-11-2021,Madhya Pradesh,2-Wheelers,940,99568
1633,01-11-2021,Maharashtra,2-Wheelers,3684,168326
1634,01-11-2021,Manipur,2-Wheelers,3,2490
1635,01-11-2021,Odisha,2-Wheelers,843,41128
1636,01-11-2021,Puducherry,2-Wheelers,47,2889
1637,01-11-2021,Punjab,2-Wheelers,803,46549
1638,01-11-2021,Rajasthan,2-Wheelers,2265,141368
1639,01-11-2021,Tamil Nadu,2-Wheelers,2844,111203
1640,01-11-2021,Uttar Pradesh,2-Wheelers,1347,225370
1641,01-11-2021,Uttarakhand,2-Wheelers,262,20977
1642,01-11-2021,West Bengal,2-Wheelers,309,79819
1643,01-12-2021,Andhra Pradesh,2-Wheelers,985,42446
1644,01-12-2021,Assam,2-Wheelers,93,28392
1645,01-12-2021,Bihar,2-Wheelers,467,63454
1646,01-12-2021,Chandigarh,2-Wheelers,30,1252
1647,01-12-2021,Chhattisgarh,2-Wheelers,500,24772
1648,01-12-2021,DNH and DD,2-Wheelers,4,1100
1649,01-12-2021,Delhi,2-Wheelers,1258,18687
1650,01-12-2021,Goa,2-Wheelers,153,3468
1651,01-12-2021,Gujarat,2-Wheelers,2111,92992
1652,01-12-2021,Haryana,2-Wheelers,670,40694
1653,01-12-2021,Himachal Pradesh,2-Wheelers,73,6044
1654,01-12-2021,Jammu and Kashmir,2-Wheelers,110,4076
1655,01-12-2021,Jharkhand,2-Wheelers,293,26077
1656,01-12-2021,Karnataka,2-Wheelers,4381,83147
1657,01-12-2021,Kerala,2-Wheelers,1107,43996
1658,01-12-2021,Madhya Pradesh,2-Wheelers,901,110877
1659,01-12-2021,Maharashtra,2-Wheelers,4775,134502
1660,01-12-2021,Manipur,2-Wheelers,4,3649
1661,01-12-2021,Odisha,2-Wheelers,939,26693
1662,01-12-2021,Puducherry,2-Wheelers,81,2589
1663,01-12-2021,Punjab,2-Wheelers,450,35287
1664,01-12-2021,Rajasthan,2-Wheelers,2119,61061
1665,01-12-2021,Tamil Nadu,2-Wheelers,3236,83485
1666,01-12-2021,Uttar Pradesh,2-Wheelers,1371,268713
1667,01-12-2021,Uttarakhand,2-Wheelers,229,12632
1668,01-12-2021,West Bengal,2-Wheelers,285,73989
1669,01-01-2022,Andhra Pradesh,2-Wheelers,1671,59712
1670,01-01-2022,Assam,2-Wheelers,92,26097
1671,01-01-2022,Bihar,2-Wheelers,409,51380
1672,01-01-2022,Chandigarh,2-Wheelers,19,1291
1673,01-01-2022,Chhattisgarh,2-Wheelers,595,31989
1674,01-01-2022,DNH and DD,2-Wheelers,6,758
1675,01-01-2022,Delhi,2-Wheelers,1762,24615
1676,01-01-2022,Goa,2-Wheelers,194,3015
1677,01-01-2022,Gujarat,2-Wheelers,2191,58107
1678,01-01-2022,Haryana,2-Wheelers,597,28339
1679,01-01-2022,Himachal Pradesh,2-Wheelers,22,3490
1680,01-01-2022,Jammu and Kashmir,2-Wheelers,76,3561
1681,01-01-2022,Jharkhand,2-Wheelers,240,24613
1682,01-01-2022,Karnataka,2-Wheelers,4386,74134
1683,01-01-2022,Kerala,2-Wheelers,1399,45699
1684,01-01-2022,Ladakh,2-Wheelers,6,20
1685,01-01-2022,Madhya Pradesh,2-Wheelers,862,75043
1686,01-01-2022,Maharashtra,2-Wheelers,5138,136937
1687,01-01-2022,Manipur,2-Wheelers,5,3660
1688,01-01-2022,Odisha,2-Wheelers,1333,45749
1689,01-01-2022,Puducherry,2-Wheelers,94,4044
1690,01-01-2022,Punjab,2-Wheelers,552,28295
1691,01-01-2022,Rajasthan,2-Wheelers,2359,50153
1692,01-01-2022,Tamil Nadu,2-Wheelers,4233,124399
1693,01-01-2022,Tripura,2-Wheelers,5,3043
1694,01-01-2022,Uttar Pradesh,2-Wheelers,1322,168934
1695,01-01-2022,Uttarakhand,2-Wheelers,184,10413
1696,01-01-2022,West Bengal,2-Wheelers,370,61071
1697,01-02-2022,Andhra Pradesh,2-Wheelers,2284,52013
1698,01-02-2022,Assam,2-Wheelers,108,25414
1699,01-02-2022,Bihar,2-Wheelers,495,59758
1700,01-02-2022,Chandigarh,2-Wheelers,22,1184
1701,01-02-2022,Chhattisgarh,2-Wheelers,635,28508
1702,01-02-2022,DNH and DD,2-Wheelers,4,817
1703,01-02-2022,Delhi,2-Wheelers,2384,25413
1704,01-02-2022,Goa,2-Wheelers,267,3248
1705,01-02-2022,Gujarat,2-Wheelers,2613,68658
1706,01-02-2022,Haryana,2-Wheelers,677,25667
1707,01-02-2022,Himachal Pradesh,2-Wheelers,57,4041
1708,01-02-2022,Jammu and Kashmir,2-Wheelers,101,4836
1709,01-02-2022,Jharkhand,2-Wheelers,338,27174
1710,01-02-2022,Karnataka,2-Wheelers,5593,75612
1711,01-02-2022,Kerala,2-Wheelers,1737,41273
1712,01-02-2022,Madhya Pradesh,2-Wheelers,974,69322
1713,01-02-2022,Maharashtra,2-Wheelers,6871,116043
1714,01-02-2022,Manipur,2-Wheelers,3,4773
1715,01-02-2022,Odisha,2-Wheelers,1266,41856
1716,01-02-2022,Puducherry,2-Wheelers,117,3410
1717,01-02-2022,Punjab,2-Wheelers,296,24506
1718,01-02-2022,Rajasthan,2-Wheelers,2563,56168
1719,01-02-2022,Tamil Nadu,2-Wheelers,4506,108851
1720,01-02-2022,Tripura,2-Wheelers,3,2705
1721,01-02-2022,Uttar Pradesh,2-Wheelers,1202,163699
1722,01-02-2022,Uttarakhand,2-Wheelers,223,9283
1723,01-02-2022,West Bengal,2-Wheelers,383,56937
1724,01-03-2022,Andhra Pradesh,2-Wheelers,3169,51588
1725,01-03-2022,Assam,2-Wheelers,179,29698
1726,01-03-2022,Bihar,2-Wheelers,1328,85165
1727,01-03-2022,Chandigarh,2-Wheelers,55,1883
1728,01-03-2022,Chhattisgarh,2-Wheelers,959,31244
1729,01-03-2022,DNH and DD,2-Wheelers,5,757
1730,01-03-2022,Delhi,2-Wheelers,3491,28871
1731,01-03-2022,Goa,2-Wheelers,235,4381
1732,01-03-2022,Gujarat,2-Wheelers,4507,79333
1733,01-03-2022,Haryana,2-Wheelers,1025,30295
1734,01-03-2022,Himachal Pradesh,2-Wheelers,61,3565
1735,01-03-2022,Jammu and Kashmir,2-Wheelers,227,5680
1736,01-03-2022,Jharkhand,2-Wheelers,607,38435
1737,01-03-2022,Karnataka,2-Wheelers,7288,91537
1738,01-03-2022,Kerala,2-Wheelers,2880,50610
1739,01-03-2022,Madhya Pradesh,2-Wheelers,1580,76256
1740,01-03-2022,Maharashtra,2-Wheelers,9687,130070
1741,01-03-2022,Manipur,2-Wheelers,2,3508
1742,01-03-2022,Odisha,2-Wheelers,2363,47801
1743,01-03-2022,Puducherry,2-Wheelers,181,3913
1744,01-03-2022,Punjab,2-Wheelers,716,31497
1745,01-03-2022,Rajasthan,2-Wheelers,3080,60106
1746,01-03-2022,Tamil Nadu,2-Wheelers,7708,124272
1747,01-03-2022,Tripura,2-Wheelers,18,3504
1748,01-03-2022,Uttar Pradesh,2-Wheelers,1986,180927
1749,01-03-2022,Uttarakhand,2-Wheelers,435,11692
1750,01-03-2022,West Bengal,2-Wheelers,626,73783
1751,01-04-2022,Andhra Pradesh,2-Wheelers,2745,56529
1752,01-04-2022,Assam,2-Wheelers,168,26813
1753,01-04-2022,Bihar,2-Wheelers,475,82418
1754,01-04-2022,Chandigarh,2-Wheelers,63,1881
1755,01-04-2022,Chhattisgarh,2-Wheelers,1397,30843
1756,01-04-2022,DNH and DD,2-Wheelers,4,804
1757,01-04-2022,Delhi,2-Wheelers,2832,32226
1758,01-04-2022,Goa,2-Wheelers,377,3817
1759,01-04-2022,Gujarat,2-Wheelers,6695,88648
1760,01-04-2022,Haryana,2-Wheelers,1215,30558
1761,01-04-2022,Himachal Pradesh,2-Wheelers,97,4637
1762,01-04-2022,Jammu and Kashmir,2-Wheelers,125,8306
1763,01-04-2022,Jharkhand,2-Wheelers,450,35590
1764,01-04-2022,Karnataka,2-Wheelers,8814,100400
1765,01-04-2022,Kerala,2-Wheelers,2908,41859
1766,01-04-2022,Madhya Pradesh,2-Wheelers,1337,75144
1767,01-04-2022,Maharashtra,2-Wheelers,7375,135969
1768,01-04-2022,Meghalaya,2-Wheelers,5,1472
1769,01-04-2022,Nagaland,2-Wheelers,2,444
1770,01-04-2022,Odisha,2-Wheelers,2261,44330
1771,01-04-2022,Puducherry,2-Wheelers,82,3044
1772,01-04-2022,Punjab,2-Wheelers,817,29934
1773,01-04-2022,Rajasthan,2-Wheelers,3771,70039
1774,01-04-2022,Tamil Nadu,2-Wheelers,5425,106643
1775,01-04-2022,Tripura,2-Wheelers,20,2797
1776,01-04-2022,Uttar Pradesh,2-Wheelers,2397,225079
1777,01-04-2022,Uttarakhand,2-Wheelers,602,12989
1778,01-04-2022,West Bengal,2-Wheelers,815,68909
1779,01-05-2022,Andhra Pradesh,2-Wheelers,1615,48041
1780,01-05-2022,Assam,2-Wheelers,112,28739
1781,01-05-2022,Bihar,2-Wheelers,458,113034
1782,01-05-2022,Chandigarh,2-Wheelers,44,1797
1783,01-05-2022,Chhattisgarh,2-Wheelers,834,28821
1784,01-05-2022,DNH and DD,2-Wheelers,6,790
1785,01-05-2022,Delhi,2-Wheelers,1760,28897
1786,01-05-2022,Goa,2-Wheelers,453,3338
1787,01-05-2022,Gujarat,2-Wheelers,4408,68621
1788,01-05-2022,Haryana,2-Wheelers,1178,32009
1789,01-05-2022,Himachal Pradesh,2-Wheelers,73,5131
1790,01-05-2022,Jammu and Kashmir,2-Wheelers,124,9505
1791,01-05-2022,Jharkhand,2-Wheelers,431,39317
1792,01-05-2022,Karnataka,2-Wheelers,5947,84301
1793,01-05-2022,Kerala,2-Wheelers,2373,40514
1794,01-05-2022,Madhya Pradesh,2-Wheelers,1310,94602
1795,01-05-2022,Maharashtra,2-Wheelers,8914,123203
1796,01-05-2022,Manipur,2-Wheelers,2,2443
1797,01-05-2022,Odisha,2-Wheelers,1714,38324
1798,01-05-2022,Puducherry,2-Wheelers,65,3122
1799,01-05-2022,Punjab,2-Wheelers,493,30377
1800,01-05-2022,Rajasthan,2-Wheelers,3701,73803
1801,01-05-2022,Tamil Nadu,2-Wheelers,3628,102565
1802,01-05-2022,Tripura,2-Wheelers,14,2768
1803,01-05-2022,Uttar Pradesh,2-Wheelers,1695,273962
1804,01-05-2022,Uttarakhand,2-Wheelers,377,12930
1805,01-05-2022,West Bengal,2-Wheelers,683,68721
1806,01-06-2022,Andhra Pradesh,2-Wheelers,1733,37538
1807,01-06-2022,Assam,2-Wheelers,101,21695
1808,01-06-2022,Bihar,2-Wheelers,716,79768
1809,01-06-2022,Chandigarh,2-Wheelers,63,1808
1810,01-06-2022,Chhattisgarh,2-Wheelers,1038,28027
1811,01-06-2022,Delhi,2-Wheelers,2755,27696
1812,01-06-2022,Goa,2-Wheelers,365,3042
1813,01-06-2022,Gujarat,2-Wheelers,5322,83549
1814,01-06-2022,Haryana,2-Wheelers,966,30435
1815,01-06-2022,Himachal Pradesh,2-Wheelers,104,5610
1816,01-06-2022,Jammu and Kashmir,2-Wheelers,159,8064
1817,01-06-2022,Jharkhand,2-Wheelers,461,32650
1818,01-06-2022,Karnataka,2-Wheelers,6800,91707
1819,01-06-2022,Kerala,2-Wheelers,2568,44015
1820,01-06-2022,Ladakh,2-Wheelers,14,590
1821,01-06-2022,Madhya Pradesh,2-Wheelers,1434,83413
1822,01-06-2022,Maharashtra,2-Wheelers,7880,115725
1823,01-06-2022,Manipur,2-Wheelers,13,3391
1824,01-06-2022,Meghalaya,2-Wheelers,2,1291
1825,01-06-2022,Mizoram,2-Wheelers,2,1750
1826,01-06-2022,Odisha,2-Wheelers,1693,39143
1827,01-06-2022,Puducherry,2-Wheelers,85,3331
1828,01-06-2022,Punjab,2-Wheelers,514,28256
1829,01-06-2022,Rajasthan,2-Wheelers,3427,58281
1830,01-06-2022,Tamil Nadu,2-Wheelers,3749,110740
1831,01-06-2022,Tripura,2-Wheelers,21,2761
1832,01-06-2022,Uttar Pradesh,2-Wheelers,1361,198411
1833,01-06-2022,Uttarakhand,2-Wheelers,374,13121
1834,01-06-2022,West Bengal,2-Wheelers,660,67878
1835,01-07-2022,Andhra Pradesh,2-Wheelers,1921,42632
1836,01-07-2022,Assam,2-Wheelers,120,26803
1837,01-07-2022,Bihar,2-Wheelers,638,62773
1838,01-07-2022,Chandigarh,2-Wheelers,58,2086
1839,01-07-2022,Chhattisgarh,2-Wheelers,1309,26466
1840,01-07-2022,DNH and DD,2-Wheelers,9,735
1841,01-07-2022,Delhi,2-Wheelers,2658,30654
1842,01-07-2022,Goa,2-Wheelers,579,2801
1843,01-07-2022,Gujarat,2-Wheelers,5592,83341
1844,01-07-2022,Haryana,2-Wheelers,710,30657
1845,01-07-2022,Himachal Pradesh,2-Wheelers,92,5377
1846,01-07-2022,Jammu and Kashmir,2-Wheelers,316,8717
1847,01-07-2022,Jharkhand,2-Wheelers,589,32122
1848,01-07-2022,Karnataka,2-Wheelers,5689,77333
1849,01-07-2022,Kerala,2-Wheelers,1964,37691
1850,01-07-2022,Madhya Pradesh,2-Wheelers,1722,81579
1851,01-07-2022,Maharashtra,2-Wheelers,8446,111895
1852,01-07-2022,Manipur,2-Wheelers,21,4103
1853,01-07-2022,Meghalaya,2-Wheelers,3,1363
1854,01-07-2022,Odisha,2-Wheelers,1816,32549
1855,01-07-2022,Puducherry,2-Wheelers,71,3298
1856,01-07-2022,Punjab,2-Wheelers,603,27082
1857,01-07-2022,Rajasthan,2-Wheelers,4574,63752
1858,01-07-2022,Tamil Nadu,2-Wheelers,4180,103800
1859,01-07-2022,Tripura,2-Wheelers,2,2632
1860,01-07-2022,Uttar Pradesh,2-Wheelers,1828,153826
1861,01-07-2022,Uttarakhand,2-Wheelers,404,12603
1862,01-07-2022,West Bengal,2-Wheelers,689,62610
1863,01-08-2022,Andhra Pradesh,2-Wheelers,1898,54365
1864,01-08-2022,Assam,2-Wheelers,202,27466
1865,01-08-2022,Bihar,2-Wheelers,849,64565
1866,01-08-2022,Chandigarh,2-Wheelers,59,1896
1867,01-08-2022,Chhattisgarh,2-Wheelers,1360,23146
1868,01-08-2022,DNH and DD,2-Wheelers,6,742
1869,01-08-2022,Delhi,2-Wheelers,3259,31869
1870,01-08-2022,Goa,2-Wheelers,303,4503
1871,01-08-2022,Gujarat,2-Wheelers,5059,74982
1872,01-08-2022,Haryana,2-Wheelers,915,33336
1873,01-08-2022,Himachal Pradesh,2-Wheelers,59,5281
1874,01-08-2022,Jammu and Kashmir,2-Wheelers,182,9131
1875,01-08-2022,Jharkhand,2-Wheelers,561,25332
1876,01-08-2022,Karnataka,2-Wheelers,7476,88611
1877,01-08-2022,Kerala,2-Wheelers,3069,50954
1878,01-08-2022,Madhya Pradesh,2-Wheelers,1931,98165
1879,01-08-2022,Maharashtra,2-Wheelers,9723,118886
1880,01-08-2022,Manipur,2-Wheelers,8,3647
1881,01-08-2022,Meghalaya,2-Wheelers,2,1734
1882,01-08-2022,Mizoram,2-Wheelers,6,2062
1883,01-08-2022,Odisha,2-Wheelers,2007,30540
1884,01-08-2022,Puducherry,2-Wheelers,91,3810
1885,01-08-2022,Punjab,2-Wheelers,645,32591
1886,01-08-2022,Rajasthan,2-Wheelers,4159,60191
1887,01-08-2022,Tamil Nadu,2-Wheelers,5306,120312
1888,01-08-2022,Tripura,2-Wheelers,14,2643
1889,01-08-2022,Uttar Pradesh,2-Wheelers,1920,131703
1890,01-08-2022,Uttarakhand,2-Wheelers,494,12711
1891,01-08-2022,West Bengal,2-Wheelers,663,62200
1892,01-09-2022,Andhra Pradesh,2-Wheelers,2239,52804
1893,01-09-2022,Assam,2-Wheelers,200,31729
1894,01-09-2022,Bihar,2-Wheelers,951,54364
1895,01-09-2022,Chandigarh,2-Wheelers,70,1929
1896,01-09-2022,Chhattisgarh,2-Wheelers,1190,23465
1897,01-09-2022,DNH and DD,2-Wheelers,8,629
1898,01-09-2022,Delhi,2-Wheelers,2301,25409
1899,01-09-2022,Goa,2-Wheelers,400,4078
1900,01-09-2022,Gujarat,2-Wheelers,5333,77920
1901,01-09-2022,Haryana,2-Wheelers,848,25832
1902,01-09-2022,Himachal Pradesh,2-Wheelers,67,4101
1903,01-09-2022,Jammu and Kashmir,2-Wheelers,220,8320
1904,01-09-2022,Jharkhand,2-Wheelers,498,23758
1905,01-09-2022,Karnataka,2-Wheelers,7616,87981
1906,01-09-2022,Kerala,2-Wheelers,3100,53877
1907,01-09-2022,Madhya Pradesh,2-Wheelers,1898,53245
1908,01-09-2022,Maharashtra,2-Wheelers,10730,122642
1909,01-09-2022,Mizoram,2-Wheelers,4,1568
1910,01-09-2022,Odisha,2-Wheelers,2197,36139
1911,01-09-2022,Puducherry,2-Wheelers,114,3772
1912,01-09-2022,Punjab,2-Wheelers,590,27407
1913,01-09-2022,Rajasthan,2-Wheelers,4677,53951
1914,01-09-2022,Tamil Nadu,2-Wheelers,5112,121791
1915,01-09-2022,Tripura,2-Wheelers,17,3842
1916,01-09-2022,Uttar Pradesh,2-Wheelers,1787,97293
1917,01-09-2022,Uttarakhand,2-Wheelers,386,9325
1918,01-09-2022,West Bengal,2-Wheelers,727,64255
1919,01-10-2022,Andhra Pradesh,2-Wheelers,2568,74374
1920,01-10-2022,Assam,2-Wheelers,194,38033
1921,01-10-2022,Bihar,2-Wheelers,1377,88895
1922,01-10-2022,Chandigarh,2-Wheelers,118,3103
1923,01-10-2022,Chhattisgarh,2-Wheelers,2471,57951
1924,01-10-2022,DNH and DD,2-Wheelers,5,619
1925,01-10-2022,Delhi,2-Wheelers,3699,50702
1926,01-10-2022,Goa,2-Wheelers,704,6241
1927,01-10-2022,Gujarat,2-Wheelers,6635,115540
1928,01-10-2022,Haryana,2-Wheelers,1313,38921
1929,01-10-2022,Himachal Pradesh,2-Wheelers,79,5548
1930,01-10-2022,Jammu and Kashmir,2-Wheelers,258,9184
1931,01-10-2022,Jharkhand,2-Wheelers,949,50073
1932,01-10-2022,Karnataka,2-Wheelers,9706,117015
1933,01-10-2022,Kerala,2-Wheelers,3629,44021
1934,01-10-2022,Madhya Pradesh,2-Wheelers,3616,137210
1935,01-10-2022,Maharashtra,2-Wheelers,15999,189870
1936,01-10-2022,Manipur,2-Wheelers,4,2532
1937,01-10-2022,Meghalaya,2-Wheelers,5,1558
1938,01-10-2022,Mizoram,2-Wheelers,3,1638
1939,01-10-2022,Odisha,2-Wheelers,3695,72161
1940,01-10-2022,Puducherry,2-Wheelers,180,3564
1941,01-10-2022,Punjab,2-Wheelers,707,37265
1942,01-10-2022,Rajasthan,2-Wheelers,9455,133585
1943,01-10-2022,Tamil Nadu,2-Wheelers,5530,111507
1944,01-10-2022,Tripura,2-Wheelers,13,3431
1945,01-10-2022,Uttar Pradesh,2-Wheelers,3003,258110
1946,01-10-2022,Uttarakhand,2-Wheelers,797,19532
1947,01-10-2022,West Bengal,2-Wheelers,538,50676
1948,01-11-2022,Andaman & Nicobar Island,2-Wheelers,6,405
1949,01-11-2022,Andhra Pradesh,2-Wheelers,2742,69695
1950,01-11-2022,Assam,2-Wheelers,176,32542
1951,01-11-2022,Bihar,2-Wheelers,1253,110759
1952,01-11-2022,Chandigarh,2-Wheelers,163,1727
1953,01-11-2022,Chhattisgarh,2-Wheelers,2725,42575
1954,01-11-2022,DNH and DD,2-Wheelers,14,1290
1955,01-11-2022,Delhi,2-Wheelers,3869,41689
1956,01-11-2022,Goa,2-Wheelers,587,5285
1957,01-11-2022,Gujarat,2-Wheelers,8322,165828
1958,01-11-2022,Haryana,2-Wheelers,1369,58469
1959,01-11-2022,Himachal Pradesh,2-Wheelers,134,9181
1960,01-11-2022,Jammu and Kashmir,2-Wheelers,194,4656
1961,01-11-2022,Jharkhand,2-Wheelers,953,40248
1962,01-11-2022,Karnataka,2-Wheelers,9851,109695
1963,01-11-2022,Kerala,2-Wheelers,3698,40561
1964,01-11-2022,Madhya Pradesh,2-Wheelers,3426,130285
1965,01-11-2022,Maharashtra,2-Wheelers,13718,204988
1966,01-11-2022,Manipur,2-Wheelers,2,5529
1967,01-11-2022,Meghalaya,2-Wheelers,3,1438
1968,01-11-2022,Mizoram,2-Wheelers,8,1542
1969,01-11-2022,Odisha,2-Wheelers,2997,38593
1970,01-11-2022,Puducherry,2-Wheelers,153,3002
1971,01-11-2022,Punjab,2-Wheelers,1042,46873
1972,01-11-2022,Rajasthan,2-Wheelers,7306,158463
1973,01-11-2022,Tamil Nadu,2-Wheelers,7258,120109
1974,01-11-2022,Tripura,2-Wheelers,12,3427
1975,01-11-2022,Uttar Pradesh,2-Wheelers,2746,279169
1976,01-11-2022,Uttarakhand,2-Wheelers,839,25037
1977,01-11-2022,West Bengal,2-Wheelers,1209,100516
1978,01-12-2022,Andaman & Nicobar Island,2-Wheelers,10,397
1979,01-12-2022,Andhra Pradesh,2-Wheelers,2718,47327
1980,01-12-2022,Assam,2-Wheelers,250,34737
1981,01-12-2022,Bihar,2-Wheelers,987,60432
1982,01-12-2022,Chandigarh,2-Wheelers,123,1454
1983,01-12-2022,Chhattisgarh,2-Wheelers,1883,26359
1984,01-12-2022,DNH and DD,2-Wheelers,19,1112
1985,01-12-2022,Delhi,2-Wheelers,3826,21773
1986,01-12-2022,Goa,2-Wheelers,528,4983
1987,01-12-2022,Gujarat,2-Wheelers,7906,107138
1988,01-12-2022,Haryana,2-Wheelers,885,37571
1989,01-12-2022,Himachal Pradesh,2-Wheelers,100,6751
1990,01-12-2022,Jammu and Kashmir,2-Wheelers,150,3943
1991,01-12-2022,Jharkhand,2-Wheelers,653,27130
1992,01-12-2022,Karnataka,2-Wheelers,7750,75110
1993,01-12-2022,Kerala,2-Wheelers,4112,40445
1994,01-12-2022,Madhya Pradesh,2-Wheelers,2328,64980
1995,01-12-2022,Maharashtra,2-Wheelers,13076,136534
1996,01-12-2022,Manipur,2-Wheelers,63,4150
1997,01-12-2022,Mizoram,2-Wheelers,11,1792
1998,01-12-2022,Odisha,2-Wheelers,2379,38217
1999,01-12-2022,Puducherry,2-Wheelers,177,2396
2000,01-12-2022,Punjab,2-Wheelers,635,35992
2001,01-12-2022,Rajasthan,2-Wheelers,5060,57108
2002,01-12-2022,Tamil Nadu,2-Wheelers,4991,77848
2003,01-12-2022,Tripura,2-Wheelers,57,3393
2004,01-12-2022,Uttar Pradesh,2-Wheelers,2334,134747
2005,01-12-2022,Uttarakhand,2-Wheelers,581,10627
2006,01-12-2022,West Bengal,2-Wheelers,1047,69018
2007,01-01-2023,Andhra Pradesh,2-Wheelers,2680,49537
2008,01-01-2023,Assam,2-Wheelers,142,41897
2009,01-01-2023,Bihar,2-Wheelers,987,63994
2010,01-01-2023,Chandigarh,2-Wheelers,172,1977
2011,01-01-2023,Chhattisgarh,2-Wheelers,1923,35000
2012,01-01-2023,DNH and DD,2-Wheelers,9,698
2013,01-01-2023,Delhi,2-Wheelers,3285,35973
2014,01-01-2023,Goa,2-Wheelers,662,4457
2015,01-01-2023,Gujarat,2-Wheelers,5873,70897
2016,01-01-2023,Haryana,2-Wheelers,706,29990
2017,01-01-2023,Himachal Pradesh,2-Wheelers,78,4421
2018,01-01-2023,Jammu and Kashmir,2-Wheelers,115,3934
2019,01-01-2023,Jharkhand,2-Wheelers,655,27267
2020,01-01-2023,Karnataka,2-Wheelers,9969,94898
2021,01-01-2023,Kerala,2-Wheelers,4667,43110
2022,01-01-2023,Madhya Pradesh,2-Wheelers,2443,80312
2023,01-01-2023,Maharashtra,2-Wheelers,13802,148279
2024,01-01-2023,Manipur,2-Wheelers,7,3158
2025,01-01-2023,Meghalaya,2-Wheelers,4,1372
2026,01-01-2023,Mizoram,2-Wheelers,10,1599
2027,01-01-2023,Odisha,2-Wheelers,2533,47973
2028,01-01-2023,Puducherry,2-Wheelers,197,4395
2029,01-01-2023,Punjab,2-Wheelers,590,33117
2030,01-01-2023,Rajasthan,2-Wheelers,4624,62966
2031,01-01-2023,Tamil Nadu,2-Wheelers,5505,135769
2032,01-01-2023,Tripura,2-Wheelers,8,2766
2033,01-01-2023,Uttar Pradesh,2-Wheelers,1952,171721
2034,01-01-2023,Uttarakhand,2-Wheelers,447,12862
2035,01-01-2023,West Bengal,2-Wheelers,632,52431
2036,01-02-2023,Andhra Pradesh,2-Wheelers,2907,51810
2037,01-02-2023,Assam,2-Wheelers,190,36795
2038,01-02-2023,Bihar,2-Wheelers,911,77926
2039,01-02-2023,Chandigarh,2-Wheelers,216,955
2040,01-02-2023,Chhattisgarh,2-Wheelers,1874,30804
2041,01-02-2023,DNH and DD,2-Wheelers,16,777
2042,01-02-2023,Delhi,2-Wheelers,2800,29396
2043,01-02-2023,Goa,2-Wheelers,628,3919
2044,01-02-2023,Gujarat,2-Wheelers,6757,85424
2045,01-02-2023,Haryana,2-Wheelers,702,31279
2046,01-02-2023,Himachal Pradesh,2-Wheelers,65,4784
2047,01-02-2023,Jammu and Kashmir,2-Wheelers,147,4868
2048,01-02-2023,Jharkhand,2-Wheelers,652,31633
2049,01-02-2023,Karnataka,2-Wheelers,10266,88323
2050,01-02-2023,Kerala,2-Wheelers,5558,39985
2051,01-02-2023,Madhya Pradesh,2-Wheelers,2358,75150
2052,01-02-2023,Maharashtra,2-Wheelers,12070,129508
2053,01-02-2023,Manipur,2-Wheelers,14,2990
2054,01-02-2023,Meghalaya,2-Wheelers,2,1192
2055,01-02-2023,Mizoram,2-Wheelers,9,1655
2056,01-02-2023,Odisha,2-Wheelers,2552,49375
2057,01-02-2023,Puducherry,2-Wheelers,177,3354
2058,01-02-2023,Punjab,2-Wheelers,609,34555
2059,01-02-2023,Rajasthan,2-Wheelers,4662,62207
2060,01-02-2023,Tamil Nadu,2-Wheelers,6701,118355
2061,01-02-2023,Tripura,2-Wheelers,20,2860
2062,01-02-2023,Uttar Pradesh,2-Wheelers,1968,190812
2063,01-02-2023,Uttarakhand,2-Wheelers,426,11079
2064,01-02-2023,West Bengal,2-Wheelers,814,67188
2065,01-03-2023,Andhra Pradesh,2-Wheelers,3515,54298
2066,01-03-2023,Assam,2-Wheelers,221,41575
2067,01-03-2023,Bihar,2-Wheelers,1302,92334
2068,01-03-2023,Chandigarh,2-Wheelers,362,663
2069,01-03-2023,Chhattisgarh,2-Wheelers,2188,33362
2070,01-03-2023,DNH and DD,2-Wheelers,5,902
2071,01-03-2023,Delhi,2-Wheelers,3782,30396
2072,01-03-2023,Goa,2-Wheelers,837,5064
2073,01-03-2023,Gujarat,2-Wheelers,7790,92417
2074,01-03-2023,Haryana,2-Wheelers,714,33171
2075,01-03-2023,Himachal Pradesh,2-Wheelers,91,4543
2076,01-03-2023,Jammu and Kashmir,2-Wheelers,198,7789
2077,01-03-2023,Jharkhand,2-Wheelers,797,39001
2078,01-03-2023,Karnataka,2-Wheelers,13056,104953
2079,01-03-2023,Kerala,2-Wheelers,6773,50705
2080,01-03-2023,Madhya Pradesh,2-Wheelers,3213,100653
2081,01-03-2023,Maharashtra,2-Wheelers,17077,154632
2082,01-03-2023,Manipur,2-Wheelers,3,3985
2083,01-03-2023,Mizoram,2-Wheelers,10,1615
2084,01-03-2023,Odisha,2-Wheelers,3269,52642
2085,01-03-2023,Puducherry,2-Wheelers,261,3608
2086,01-03-2023,Punjab,2-Wheelers,805,36806
2087,01-03-2023,Rajasthan,2-Wheelers,6375,85324
2088,01-03-2023,Tamil Nadu,2-Wheelers,8388,119376
2089,01-03-2023,Tripura,2-Wheelers,23,3016
2090,01-03-2023,Uttar Pradesh,2-Wheelers,3559,206315
2091,01-03-2023,Uttarakhand,2-Wheelers,587,13077
2092,01-03-2023,West Bengal,2-Wheelers,1103,73690
2093,01-04-2023,Andhra Pradesh,2-Wheelers,3515,48046
2094,01-04-2023,Assam,2-Wheelers,178,35047
2095,01-04-2023,Bihar,2-Wheelers,971,84319
2096,01-04-2023,Chandigarh,2-Wheelers,126,2085
2097,01-04-2023,Chhattisgarh,2-Wheelers,1559,27613
2098,01-04-2023,DNH and DD,2-Wheelers,5,666
2099,01-04-2023,Delhi,2-Wheelers,2738,28590
2100,01-04-2023,Goa,2-Wheelers,698,3609
2101,01-04-2023,Gujarat,2-Wheelers,8266,89782
2102,01-04-2023,Haryana,2-Wheelers,802,34168
2103,01-04-2023,Himachal Pradesh,2-Wheelers,96,4847
2104,01-04-2023,Jammu and Kashmir,2-Wheelers,212,6299
2105,01-04-2023,Jharkhand,2-Wheelers,682,36353
2106,01-04-2023,Karnataka,2-Wheelers,9711,91491
2107,01-04-2023,Kerala,2-Wheelers,4659,32903
2108,01-04-2023,Madhya Pradesh,2-Wheelers,1958,64877
2109,01-04-2023,Maharashtra,2-Wheelers,12260,130977
2110,01-04-2023,Manipur,2-Wheelers,15,3425
2111,01-04-2023,Meghalaya,2-Wheelers,3,1501
2112,01-04-2023,Mizoram,2-Wheelers,8,1565
2113,01-04-2023,Odisha,2-Wheelers,2848,43956
2114,01-04-2023,Puducherry,2-Wheelers,157,3076
2115,01-04-2023,Punjab,2-Wheelers,376,28269
2116,01-04-2023,Rajasthan,2-Wheelers,3914,67999
2117,01-04-2023,Tamil Nadu,2-Wheelers,6509,94801
2118,01-04-2023,Tripura,2-Wheelers,19,2450
2119,01-04-2023,Uttar Pradesh,2-Wheelers,3087,195568
2120,01-04-2023,Uttarakhand,2-Wheelers,524,12580
2121,01-04-2023,West Bengal,2-Wheelers,918,54194
2122,01-05-2023,Andhra Pradesh,2-Wheelers,4370,54545
2123,01-05-2023,Assam,2-Wheelers,282,35939
2124,01-05-2023,Bihar,2-Wheelers,1536,125465
2125,01-05-2023,Chandigarh,2-Wheelers,209,2356
2126,01-05-2023,Chhattisgarh,2-Wheelers,2514,29232
2127,01-05-2023,DNH and DD,2-Wheelers,4,829
2128,01-05-2023,Delhi,2-Wheelers,4977,32282
2129,01-05-2023,Goa,2-Wheelers,863,3933
2130,01-05-2023,Gujarat,2-Wheelers,9609,87169
2131,01-05-2023,Haryana,2-Wheelers,1053,34399
2132,01-05-2023,Himachal Pradesh,2-Wheelers,118,5278
2133,01-05-2023,Jammu and Kashmir,2-Wheelers,258,9084
2134,01-05-2023,Jharkhand,2-Wheelers,839,41796
2135,01-05-2023,Karnataka,2-Wheelers,17292,97074
2136,01-05-2023,Kerala,2-Wheelers,7386,41347
2137,01-05-2023,Ladakh,2-Wheelers,14,161
2138,01-05-2023,Madhya Pradesh,2-Wheelers,3940,97067
2139,01-05-2023,Maharashtra,2-Wheelers,20585,126680
2140,01-05-2023,Manipur,2-Wheelers,10,572
2141,01-05-2023,Meghalaya,2-Wheelers,7,2006
2142,01-05-2023,Mizoram,2-Wheelers,14,1626
2143,01-05-2023,Odisha,2-Wheelers,3727,44563
2144,01-05-2023,Puducherry,2-Wheelers,382,3736
2145,01-05-2023,Punjab,2-Wheelers,1181,32433
2146,01-05-2023,Rajasthan,2-Wheelers,6897,79573
2147,01-05-2023,Tamil Nadu,2-Wheelers,10330,109325
2148,01-05-2023,Tripura,2-Wheelers,65,3305
2149,01-05-2023,Uttar Pradesh,2-Wheelers,4704,300079
2150,01-05-2023,Uttarakhand,2-Wheelers,682,14779
2151,01-05-2023,West Bengal,2-Wheelers,1508,77494
2152,01-06-2023,Andhra Pradesh,2-Wheelers,1004,45618
2153,01-06-2023,Assam,2-Wheelers,177,31855
2154,01-06-2023,Bihar,2-Wheelers,520,90944
2155,01-06-2023,Chandigarh,2-Wheelers,135,2638
2156,01-06-2023,Chhattisgarh,2-Wheelers,1245,30378
2157,01-06-2023,DNH and DD,2-Wheelers,5,765
2158,01-06-2023,Delhi,2-Wheelers,1787,28279
2159,01-06-2023,Goa,2-Wheelers,531,3485
2160,01-06-2023,Gujarat,2-Wheelers,4019,80898
2161,01-06-2023,Haryana,2-Wheelers,408,33317
2162,01-06-2023,Himachal Pradesh,2-Wheelers,59,5397
2163,01-06-2023,Jammu and Kashmir,2-Wheelers,166,7915
2164,01-06-2023,Jharkhand,2-Wheelers,390,36415
2165,01-06-2023,Karnataka,2-Wheelers,7730,101825
2166,01-06-2023,Kerala,2-Wheelers,4020,38025
2167,01-06-2023,Ladakh,2-Wheelers,2,208
2168,01-06-2023,Madhya Pradesh,2-Wheelers,1671,78536
2169,01-06-2023,Maharashtra,2-Wheelers,8451,119809
2170,01-06-2023,Manipur,2-Wheelers,4,270
2171,01-06-2023,Mizoram,2-Wheelers,4,1795
2172,01-06-2023,Odisha,2-Wheelers,2131,43202
2173,01-06-2023,Puducherry,2-Wheelers,140,3591
2174,01-06-2023,Punjab,2-Wheelers,534,30214
2175,01-06-2023,Rajasthan,2-Wheelers,3261,69235
2176,01-06-2023,Tamil Nadu,2-Wheelers,4720,121451
2177,01-06-2023,Tripura,2-Wheelers,8,2709
2178,01-06-2023,Uttar Pradesh,2-Wheelers,1932,219233
2179,01-06-2023,Uttarakhand,2-Wheelers,324,13374
2180,01-06-2023,West Bengal,2-Wheelers,462,64854
2181,01-07-2023,Andhra Pradesh,2-Wheelers,1361,50877
2182,01-07-2023,Assam,2-Wheelers,168,32074
2183,01-07-2023,Bihar,2-Wheelers,614,69583
2184,01-07-2023,Chandigarh,2-Wheelers,134,1813
2185,01-07-2023,Chhattisgarh,2-Wheelers,1584,28753
2186,01-07-2023,DNH and DD,2-Wheelers,5,856
2187,01-07-2023,Delhi,2-Wheelers,2068,31269
2188,01-07-2023,Goa,2-Wheelers,517,2877
2189,01-07-2023,Gujarat,2-Wheelers,5300,98394
2190,01-07-2023,Haryana,2-Wheelers,152,15523
2191,01-07-2023,Himachal Pradesh,2-Wheelers,40,5450
2192,01-07-2023,Jammu and Kashmir,2-Wheelers,116,8604
2193,01-07-2023,Jharkhand,2-Wheelers,447,32370
2194,01-07-2023,Karnataka,2-Wheelers,9632,95036
2195,01-07-2023,Kerala,2-Wheelers,3937,34948
2196,01-07-2023,Madhya Pradesh,2-Wheelers,1971,69937
2197,01-07-2023,Maharashtra,2-Wheelers,9822,126943
2198,01-07-2023,Manipur,2-Wheelers,6,1145
2199,01-07-2023,Meghalaya,2-Wheelers,20,2030
2200,01-07-2023,Mizoram,2-Wheelers,6,1721
2201,01-07-2023,Odisha,2-Wheelers,2805,38394
2202,01-07-2023,Puducherry,2-Wheelers,189,3909
2203,01-07-2023,Punjab,2-Wheelers,445,33588
2204,01-07-2023,Rajasthan,2-Wheelers,3763,76511
2205,01-07-2023,Tamil Nadu,2-Wheelers,5839,119322
2206,01-07-2023,Tripura,2-Wheelers,6,2942
2207,01-07-2023,Uttar Pradesh,2-Wheelers,2326,158970
2208,01-07-2023,Uttarakhand,2-Wheelers,408,13216
2209,01-07-2023,West Bengal,2-Wheelers,509,67367
2210,01-08-2023,Andhra Pradesh,2-Wheelers,1568,56399
2211,01-08-2023,Assam,2-Wheelers,147,31641
2212,01-08-2023,Bihar,2-Wheelers,713,58346
2213,01-08-2023,Chandigarh,2-Wheelers,125,1789
2214,01-08-2023,Chhattisgarh,2-Wheelers,2088,28699
2215,01-08-2023,DNH and DD,2-Wheelers,6,606
2216,01-08-2023,Delhi,2-Wheelers,2116,33120
2217,01-08-2023,Goa,2-Wheelers,689,4098
2218,01-08-2023,Gujarat,2-Wheelers,5755,87134
2219,01-08-2023,Haryana,2-Wheelers,399,38102
2220,01-08-2023,Himachal Pradesh,2-Wheelers,64,5345
2221,01-08-2023,Jammu and Kashmir,2-Wheelers,98,8650
2222,01-08-2023,Jharkhand,2-Wheelers,455,27909
2223,01-08-2023,Karnataka,2-Wheelers,9720,101545
2224,01-08-2023,Kerala,2-Wheelers,4798,49548
2225,01-08-2023,Madhya Pradesh,2-Wheelers,3907,73963
2226,01-08-2023,Maharashtra,2-Wheelers,12043,133378
2227,01-08-2023,Manipur,2-Wheelers,8,846
2228,01-08-2023,Meghalaya,2-Wheelers,15,2060
2229,01-08-2023,Mizoram,2-Wheelers,4,1908
2230,01-08-2023,Odisha,2-Wheelers,2737,36033
2231,01-08-2023,Puducherry,2-Wheelers,197,4141
2232,01-08-2023,Punjab,2-Wheelers,642,34784
2233,01-08-2023,Rajasthan,2-Wheelers,4313,76171
2234,01-08-2023,Tamil Nadu,2-Wheelers,6246,128997
2235,01-08-2023,Tripura,2-Wheelers,33,3154
2236,01-08-2023,Uttar Pradesh,2-Wheelers,2710,146984
2237,01-08-2023,Uttarakhand,2-Wheelers,364,12790
2238,01-08-2023,West Bengal,2-Wheelers,511,64154
2239,01-09-2023,Andhra Pradesh,2-Wheelers,1388,53014
2240,01-09-2023,Assam,2-Wheelers,257,32936
2241,01-09-2023,Bihar,2-Wheelers,900,65102
2242,01-09-2023,Chandigarh,2-Wheelers,134,1868
2243,01-09-2023,Chhattisgarh,2-Wheelers,2178,30725
2244,01-09-2023,DNH and DD,2-Wheelers,12,732
2245,01-09-2023,Delhi,2-Wheelers,2002,31468
2246,01-09-2023,Goa,2-Wheelers,560,5539
2247,01-09-2023,Gujarat,2-Wheelers,7209,129851
2248,01-09-2023,Haryana,2-Wheelers,321,44459
2249,01-09-2023,Himachal Pradesh,2-Wheelers,68,5403
2250,01-09-2023,Jammu and Kashmir,2-Wheelers,113,8372
2251,01-09-2023,Jharkhand,2-Wheelers,524,31209
2252,01-09-2023,Karnataka,2-Wheelers,10590,106981
2253,01-09-2023,Kerala,2-Wheelers,4461,48967
2254,01-09-2023,Madhya Pradesh,2-Wheelers,3283,74064
2255,01-09-2023,Maharashtra,2-Wheelers,12444,134556
2256,01-09-2023,Meghalaya,2-Wheelers,11,1991
2257,01-09-2023,Mizoram,2-Wheelers,6,1561
2258,01-09-2023,Odisha,2-Wheelers,3049,45630
2259,01-09-2023,Puducherry,2-Wheelers,136,3350
2260,01-09-2023,Punjab,2-Wheelers,676,35832
2261,01-09-2023,Rajasthan,2-Wheelers,4336,81056
2262,01-09-2023,Tamil Nadu,2-Wheelers,5178,116071
2263,01-09-2023,Tripura,2-Wheelers,17,3157
2264,01-09-2023,Uttar Pradesh,2-Wheelers,3141,143067
2265,01-09-2023,Uttarakhand,2-Wheelers,262,12642
2266,01-09-2023,West Bengal,2-Wheelers,489,58361
2267,01-10-2023,Andhra Pradesh,2-Wheelers,1757,66154
2268,01-10-2023,Assam,2-Wheelers,245,51372
2269,01-10-2023,Bihar,2-Wheelers,820,65088
2270,01-10-2023,Chandigarh,2-Wheelers,157,1964
2271,01-10-2023,Chhattisgarh,2-Wheelers,2195,38600
2272,01-10-2023,DNH and DD,2-Wheelers,4,1109
2273,01-10-2023,Delhi,2-Wheelers,2611,35861
2274,01-10-2023,Goa,2-Wheelers,567,5377
2275,01-10-2023,Gujarat,2-Wheelers,8417,149414
2276,01-10-2023,Haryana,2-Wheelers,591,37096
2277,01-10-2023,Himachal Pradesh,2-Wheelers,53,4480
2278,01-10-2023,Jammu and Kashmir,2-Wheelers,137,6736
2279,01-10-2023,Jharkhand,2-Wheelers,502,33632
2280,01-10-2023,Karnataka,2-Wheelers,11137,108712
2281,01-10-2023,Kerala,2-Wheelers,5051,36841
2282,01-10-2023,Madhya Pradesh,2-Wheelers,3262,99036
2283,01-10-2023,Maharashtra,2-Wheelers,15716,167065
2284,01-10-2023,Manipur,2-Wheelers,6,1035
2285,01-10-2023,Mizoram,2-Wheelers,36,1958
2286,01-10-2023,Odisha,2-Wheelers,3972,71596
2287,01-10-2023,Puducherry,2-Wheelers,197,3765
2288,01-10-2023,Punjab,2-Wheelers,760,34028
2289,01-10-2023,Rajasthan,2-Wheelers,4906,103647
2290,01-10-2023,Tamil Nadu,2-Wheelers,6507,131658
2291,01-10-2023,Tripura,2-Wheelers,6,4285
2292,01-10-2023,Uttar Pradesh,2-Wheelers,3775,162993
2293,01-10-2023,Uttarakhand,2-Wheelers,383,13890
2294,01-10-2023,West Bengal,2-Wheelers,851,65489
2295,01-11-2023,Andaman & Nicobar Island,2-Wheelers,3,598
2296,01-11-2023,Andhra Pradesh,2-Wheelers,1997,79246
2297,01-11-2023,Assam,2-Wheelers,244,41326
2298,01-11-2023,Bihar,2-Wheelers,1765,149828
2299,01-11-2023,Chandigarh,2-Wheelers,241,2430
2300,01-11-2023,Chhattisgarh,2-Wheelers,3880,76276
2301,01-11-2023,DNH and DD,2-Wheelers,15,1185
2302,01-11-2023,Delhi,2-Wheelers,3976,56736
2303,01-11-2023,Goa,2-Wheelers,977,6217
2304,01-11-2023,Gujarat,2-Wheelers,5424,152556
2305,01-11-2023,Haryana,2-Wheelers,565,42364
2306,01-11-2023,Himachal Pradesh,2-Wheelers,53,6131
2307,01-11-2023,Jammu and Kashmir,2-Wheelers,172,8743
2308,01-11-2023,Jharkhand,2-Wheelers,825,63696
2309,01-11-2023,Karnataka,2-Wheelers,14300,136535
2310,01-11-2023,Kerala,2-Wheelers,5352,36822
2311,01-11-2023,Madhya Pradesh,2-Wheelers,4861,204532
2312,01-11-2023,Maharashtra,2-Wheelers,19008,230768
2313,01-11-2023,Manipur,2-Wheelers,10,812
2314,01-11-2023,Meghalaya,2-Wheelers,6,1893
2315,01-11-2023,Mizoram,2-Wheelers,35,1977
2316,01-11-2023,Odisha,2-Wheelers,4345,63423
2317,01-11-2023,Puducherry,2-Wheelers,194,3681
2318,01-11-2023,Punjab,2-Wheelers,1184,48694
2319,01-11-2023,Rajasthan,2-Wheelers,7743,191722
2320,01-11-2023,Tamil Nadu,2-Wheelers,7096,121926
2321,01-11-2023,Tripura,2-Wheelers,11,4893
2322,01-11-2023,Uttar Pradesh,2-Wheelers,5327,387983
2323,01-11-2023,Uttarakhand,2-Wheelers,626,24522
2324,01-11-2023,West Bengal,2-Wheelers,1007,97240
2325,01-12-2023,Andaman & Nicobar Island,2-Wheelers,7,430
2326,01-12-2023,Andhra Pradesh,2-Wheelers,2372,60868
2327,01-12-2023,Arunachal Pradesh,2-Wheelers,2,1377
2328,01-12-2023,Assam,2-Wheelers,204,38490
2329,01-12-2023,Bihar,2-Wheelers,1354,91064
2330,01-12-2023,Chandigarh,2-Wheelers,137,1162
2331,01-12-2023,Chhattisgarh,2-Wheelers,1865,31773
2332,01-12-2023,DNH and DD,2-Wheelers,13,1447
2333,01-12-2023,Delhi,2-Wheelers,5380,27097
2334,01-12-2023,Goa,2-Wheelers,799,4299
2335,01-12-2023,Gujarat,2-Wheelers,4080,85848
2336,01-12-2023,Haryana,2-Wheelers,1019,60574
2337,01-12-2023,Himachal Pradesh,2-Wheelers,102,9988
2338,01-12-2023,Jammu and Kashmir,2-Wheelers,96,3661
2339,01-12-2023,Jharkhand,2-Wheelers,632,32673
2340,01-12-2023,Karnataka,2-Wheelers,10237,91996
2341,01-12-2023,Kerala,2-Wheelers,4866,35712
2342,01-12-2023,Madhya Pradesh,2-Wheelers,3359,88017
2343,01-12-2023,Maharashtra,2-Wheelers,14495,174125
2344,01-12-2023,Manipur,2-Wheelers,6,976
2345,01-12-2023,Mizoram,2-Wheelers,24,1974
2346,01-12-2023,Odisha,2-Wheelers,4383,48402
2347,01-12-2023,Puducherry,2-Wheelers,224,2836
2348,01-12-2023,Punjab,2-Wheelers,951,45523
2349,01-12-2023,Rajasthan,2-Wheelers,4676,99479
2350,01-12-2023,Tamil Nadu,2-Wheelers,5403,82736
2351,01-12-2023,Tripura,2-Wheelers,40,3663
2352,01-12-2023,Uttar Pradesh,2-Wheelers,5487,211546
2353,01-12-2023,Uttarakhand,2-Wheelers,655,19337
2354,01-12-2023,West Bengal,2-Wheelers,2625,90092
2355,01-01-2024,Uttar Pradesh,2-Wheelers,5668,181667
2356,01-01-2024,Maharashtra,2-Wheelers,16367,172830
2357,01-01-2024,Karnataka,2-Wheelers,12415,115920
2358,01-01-2024,Tamil Nadu,2-Wheelers,7580,153753
2359,01-01-2024,Bihar,2-Wheelers,1288,71556
2360,01-01-2024,Kerala,2-Wheelers,6457,42509
2361,01-01-2024,Rajasthan,2-Wheelers,4432,78862
2362,01-01-2024,Delhi,2-Wheelers,3073,38413
2363,01-01-2024,Madhya Pradesh,2-Wheelers,3684,92100
2364,01-01-2024,Gujarat,2-Wheelers,5424,91933
2365,01-01-2024,Odisha,2-Wheelers,3883,53485
2366,01-01-2024,Assam,2-Wheelers,253,44386
2367,01-01-2024,Haryana,2-Wheelers,1259,42824
2368,01-01-2024,Chhattisgarh,2-Wheelers,2367,42881
2369,01-01-2024,West Bengal,2-Wheelers,1636,72390
2370,01-01-2024,Punjab,2-Wheelers,821,33511
2371,01-01-2024,Andhra Pradesh,2-Wheelers,2134,53619
2372,01-01-2024,Jharkhand,2-Wheelers,551,30612
2373,01-01-2024,Uttarakhand,2-Wheelers,382,11682
2374,01-01-2024,Jammu and Kashmir,2-Wheelers,219,4582
2375,01-01-2024,Goa,2-Wheelers,832,5079
2376,01-01-2024,Chandigarh,2-Wheelers,118,1450
2377,01-01-2024,Tripura,2-Wheelers,3,3000
2378,01-01-2024,Puducherry,2-Wheelers,310,5141
2379,01-01-2024,Himachal Pradesh,2-Wheelers,79,6031
2380,01-01-2024,DNH and DD,2-Wheelers,31,866
2381,01-01-2024,Manipur,2-Wheelers,7,1556
2382,01-01-2024,Mizoram,2-Wheelers,28,1872
2383,01-01-2024,Meghalaya,2-Wheelers,26,1625
2384,01-01-2024,Ladakh,2-Wheelers,14,37
2385,01-01-2024,Andaman & Nicobar,2-Wheelers,2,483
2386,01-02-2024,Uttar Pradesh,2-Wheelers,6557,206846
2387,01-02-2024,Maharashtra,2-Wheelers,15193,147649
2388,01-02-2024,Karnataka,2-Wheelers,12605,108852
2389,01-02-2024,Tamil Nadu,2-Wheelers,8647,143638
2390,01-02-2024,Rajasthan,2-Wheelers,5145,81152
2391,01-02-2024,Bihar,2-Wheelers,1301,83398
2392,01-02-2024,Madhya Pradesh,2-Wheelers,4006,87659
2393,01-02-2024,Kerala,2-Wheelers,5389,38356
2394,01-02-2024,Gujarat,2-Wheelers,5103,88441
2395,01-02-2024,Delhi,2-Wheelers,2364,30504
2396,01-02-2024,Assam,2-Wheelers,246,39048
2397,01-02-2024,Odisha,2-Wheelers,3733,57255
2398,01-02-2024,Chhattisgarh,2-Wheelers,2198,40110
2399,01-02-2024,Punjab,2-Wheelers,1017,34359
2400,01-02-2024,Andhra Pradesh,2-Wheelers,2830,56600
2401,01-02-2024,Haryana,2-Wheelers,1075,38121
2402,01-02-2024,West Bengal,2-Wheelers,1341,74089
2403,01-02-2024,Jharkhand,2-Wheelers,710,34467
2404,01-02-2024,Uttarakhand,2-Wheelers,586,13692
2405,01-02-2024,Jammu and Kashmir,2-Wheelers,233,5055
2406,01-02-2024,Goa,2-Wheelers,990,4759
2407,01-02-2024,Tripura,2-Wheelers,24,3334
2408,01-02-2024,Chandigarh,2-Wheelers,126,1416
2409,01-02-2024,Puducherry,2-Wheelers,384,4556
2410,01-02-2024,Himachal Pradesh,2-Wheelers,66,4926
2411,01-02-2024,Mizoram,2-Wheelers,51,2146
2412,01-02-2024,Manipur,2-Wheelers,3,1723
2413,01-02-2024,DNH and DD,2-Wheelers,24,1052
2414,01-02-2024,Meghalaya,2-Wheelers,11,1890
2415,01-02-2024,Andaman & Nicobar Island,2-Wheelers,5,473
2416,01-03-2024,Maharashtra,2-Wheelers,26668,152563
2417,01-03-2024,Uttar Pradesh,2-Wheelers,7799,210216
2418,01-03-2024,Karnataka,2-Wheelers,22742,123800
2419,01-03-2024,Tamil Nadu,2-Wheelers,13350,124071
2420,01-03-2024,Rajasthan,2-Wheelers,7933,89538
2421,01-03-2024,Delhi,2-Wheelers,5002,31599
2422,01-03-2024,Kerala,2-Wheelers,8393,42909
2423,01-03-2024,Gujarat,2-Wheelers,8496,94822
2424,01-03-2024,Bihar,2-Wheelers,2584,102949
2425,01-03-2024,Madhya Pradesh,2-Wheelers,5772,95405
2426,01-03-2024,Andhra Pradesh,2-Wheelers,7057,69119
2427,01-03-2024,Assam,2-Wheelers,767,42612
2428,01-03-2024,Chhattisgarh,2-Wheelers,3610,46046
2429,01-03-2024,Punjab,2-Wheelers,1514,35877
2430,01-03-2024,West Bengal,2-Wheelers,2159,69871
2431,01-03-2024,Haryana,2-Wheelers,1387,41778
2432,01-03-2024,Jharkhand,2-Wheelers,824,38149
2433,01-03-2024,Goa,2-Wheelers,1745,5018
2434,01-03-2024,Uttarakhand,2-Wheelers,579,12506
2435,01-03-2024,Jammu and Kashmir,2-Wheelers,297,6600
2436,01-03-2024,Tripura,2-Wheelers,41,3728
2437,01-03-2024,Chandigarh,2-Wheelers,215,1525
2438,01-03-2024,Puducherry,2-Wheelers,477,4337
2439,01-03-2024,Meghalaya,2-Wheelers,4,2223
2440,01-03-2024,Himachal Pradesh,2-Wheelers,90,4737
2441,01-03-2024,Mizoram,2-Wheelers,58,1932
2442,01-03-2024,DNH and DD,2-Wheelers,25,780
2443,01-03-2024,Manipur,2-Wheelers,13,1394
2444,01-03-2024,Andaman & Nicobar Island,2-Wheelers,2,447
2445,01-03-2024,Nagaland,2-Wheelers,2,1180
